Ticker,Alert_Type,Severity,Title,Message,Triggered_At,Is_Read
BMW.DE,new_opportunity,media,Nueva oportunidad detectada en BMW.DE,BMW.DE aparece por primera vez con score 74.7 y clasificación seguimiento.,2026-09-02T12:24:03.788079+02:00,False
EOAN.DE,new_opportunity,media,Nueva oportunidad detectada en EOAN.DE,EOAN.DE aparece por primera vez con score 63.4 y clasificación seguimiento.,2026-09-02T12:24:06.037446+02:00,False
FRE.DE,new_opportunity,media,Nueva oportunidad detectada en FRE.DE,FRE.DE aparece por primera vez con score 61.0 y clasificación entrada_escalada.,2026-09-02T12:24:06.205941+02:00,False
DTE.DE,new_opportunity,media,Nueva oportunidad detectada en DTE.DE,DTE.DE aparece por primera vez con score 61.9 y clasificación seguimiento.,2026-09-02T12:24:06.572332+02:00,False
VOW3.DE,new_opportunity,media,Nueva oportunidad detectada en VOW3.DE,VOW3.DE aparece por primera vez con score 67.8 y clasificación seguimiento.,2026-09-02T12:24:08.394704+02:00,False
MUV2.DE,new_opportunity,media,Nueva oportunidad detectada en MUV2.DE,MUV2.DE aparece por primera vez con score 64.3 y clasificación seguimiento.,2026-09-02T12:24:08.482432+02:00,False
ADS.DE,new_opportunity,media,Nueva oportunidad detectada en ADS.DE,ADS.DE aparece por primera vez con score 73.2 y clasificación seguimiento.,2026-09-02T12:24:10.267969+02:00,False
BEI.DE,new_opportunity,media,Nueva oportunidad detectada en BEI.DE,BEI.DE aparece por primera vez con score 73.0 y clasificación seguimiento.,2026-09-02T12:24:12.385355+02:00,False
HEI.DE,new_opportunity,media,Nueva oportunidad detectada en HEI.DE,HEI.DE aparece por primera vez con score 73.3 y clasificación seguimiento.,2026-09-02T12:24:12.427156+02:00,False
BN.PA,new_opportunity,media,Nueva oportunidad detectada en BN.PA,BN.PA aparece por primera vez con score 68.5 y clasificación seguimiento.,2026-09-02T12:24:15.007934+02:00,False
CAP.PA,new_opportunity,media,Nueva oportunidad detectada en CAP.PA,CAP.PA aparece por primera vez con score 76.5 y clasificación seguimiento.,2026-09-02T12:24:15.995555+02:00,False
DG.PA,new_opportunity,media,Nueva oportunidad detectada en DG.PA,DG.PA aparece por primera vez con score 73.8 y clasificación seguimiento.,2026-09-02T12:24:17.729765+02:00,False
EL.PA,new_opportunity,media,Nueva oportunidad detectada en EL.PA,EL.PA aparece por primera vez con score 71.6 y clasificación seguimiento.,2026-09-02T12:24:17.886532+02:00,False
EN.PA,new_opportunity,media,Nueva oportunidad detectada en EN.PA,EN.PA aparece por primera vez con score 77.5 y clasificación entrada_directa.,2026-09-02T12:24:18.369522+02:00,False
GLE.PA,new_opportunity,media,Nueva oportunidad detectada en GLE.PA,GLE.PA aparece por primera vez con score 62.2 y clasificación seguimiento.,2026-09-02T12:24:19.446763+02:00,False
LR.PA,new_opportunity,media,Nueva oportunidad detectada en LR.PA,LR.PA aparece por primera vez con score 63.7 y clasificación descarte.,2026-09-02T12:24:19.516730+02:00,False
MC.PA,new_opportunity,media,Nueva oportunidad detectada en MC.PA,MC.PA aparece por primera vez con score 74.8 y clasificación seguimiento.,2026-09-02T12:24:20.061079+02:00,False
ORA.PA,new_opportunity,media,Nueva oportunidad detectada en ORA.PA,ORA.PA aparece por primera vez con score 76.8 y clasificación seguimiento.,2026-09-02T12:24:21.581954+02:00,False
RI.PA,new_opportunity,media,Nueva oportunidad detectada en RI.PA,RI.PA aparece por primera vez con score 78.0 y clasificación seguimiento.,2026-09-02T12:24:22.087505+02:00,False
SGO.PA,new_opportunity,media,Nueva oportunidad detectada en SGO.PA,SGO.PA aparece por primera vez con score 73.5 y clasificación entrada_escalada.,2026-09-02T12:24:23.533829+02:00,False
SAN.PA,new_opportunity,media,Nueva oportunidad detectada en SAN.PA,SAN.PA aparece por primera vez con score 60.6 y clasificación seguimiento.,2026-09-02T12:24:23.661562+02:00,False
VIV.PA,new_opportunity,media,Nueva oportunidad detectada en VIV.PA,VIV.PA aparece por primera vez con score 62.6 y clasificación descarte.,2026-09-02T12:24:26.614382+02:00,False
RNO.PA,new_opportunity,media,Nueva oportunidad detectada en RNO.PA,RNO.PA aparece por primera vez con score 65.7 y clasificación seguimiento.,2026-09-02T12:24:28.436141+02:00,False
PHIA.AS,new_opportunity,media,Nueva oportunidad detectada en PHIA.AS,PHIA.AS aparece por primera vez con score 65.8 y clasificación entrada_escalada.,2026-09-02T12:24:30.541377+02:00,False
WKL.AS,new_opportunity,media,Nueva oportunidad detectada en WKL.AS,WKL.AS aparece por primera vez con score 67.8 y clasificación seguimiento.,2026-09-02T12:24:32.482277+02:00,False
AD.AS,new_opportunity,media,Nueva oportunidad detectada en AD.AS,AD.AS aparece por primera vez con score 80.3 y clasificación seguimiento.,2026-09-02T12:24:33.001390+02:00,False
PRY.MI,new_opportunity,media,Nueva oportunidad detectada en PRY.MI,PRY.MI aparece por primera vez con score 65.7 y clasificación descarte.,2026-09-02T12:24:37.747302+02:00,False
UCB.BR,new_opportunity,media,Nueva oportunidad detectada en UCB.BR,UCB.BR aparece por primera vez con score 66.5 y clasificación seguimiento.,2026-09-02T12:24:39.698666+02:00,False
SHEL.L,new_opportunity,media,Nueva oportunidad detectada en SHEL.L,SHEL.L aparece por primera vez con score 61.9 y clasificación entrada_escalada.,2026-09-02T12:24:46.459507+02:00,False
GSK.L,new_opportunity,media,Nueva oportunidad detectada en GSK.L,GSK.L aparece por primera vez con score 73.0 y clasificación seguimiento.,2026-09-02T12:24:48.136801+02:00,False
AZN.L,new_opportunity,media,Nueva oportunidad detectada en AZN.L,AZN.L aparece por primera vez con score 70.7 y clasificación entrada_escalada.,2026-09-02T12:24:48.844650+02:00,False
RIO.L,new_opportunity,media,Nueva oportunidad detectada en RIO.L,RIO.L aparece por primera vez con score 67.2 y clasificación seguimiento.,2026-09-02T12:24:50.911836+02:00,False
NG.L,new_opportunity,media,Nueva oportunidad detectada en NG.L,NG.L aparece por primera vez con score 68.2 y clasificación seguimiento.,2026-09-02T12:24:52.965500+02:00,False
IMB.L,new_opportunity,media,Nueva oportunidad detectada en IMB.L,IMB.L aparece por primera vez con score 68.2 y clasificación seguimiento.,2026-09-02T12:24:55.014416+02:00,False
BATS.L,new_opportunity,media,Nueva oportunidad detectada en BATS.L,BATS.L aparece por primera vez con score 72.8 y clasificación entrada_escalada.,2026-09-02T12:24:55.051035+02:00,False
PG,new_opportunity,media,Nueva oportunidad detectada en PG,PG aparece por primera vez con score 62.8 y clasificación descarte.,2026-09-02T12:24:57.403422+02:00,False
LOW,new_opportunity,media,Nueva oportunidad detectada en LOW,LOW aparece por primera vez con score 78.7 y clasificación entrada_escalada.,2026-09-02T12:25:06.047225+02:00,False
ED,new_opportunity,media,Nueva oportunidad detectada en ED,ED aparece por primera vez con score 60.1 y clasificación seguimiento.,2026-09-02T12:25:06.453394+02:00,False
MCD,new_opportunity,media,Nueva oportunidad detectada en MCD,MCD aparece por primera vez con score 65.5 y clasificación entrada_escalada.,2026-09-02T12:25:08.258354+02:00,False
WMT,new_opportunity,media,Nueva oportunidad detectada en WMT,WMT aparece por primera vez con score 65.8 y clasificación seguimiento.,2026-09-02T12:25:14.349790+02:00,False
IBM,new_opportunity,media,Nueva oportunidad detectada en IBM,IBM aparece por primera vez con score 62.7 y clasificación entrada_escalada.,2026-09-02T12:25:16.221595+02:00,False
DUK,new_opportunity,media,Nueva oportunidad detectada en DUK,DUK aparece por primera vez con score 62.6 y clasificación seguimiento.,2026-09-02T12:25:23.832252+02:00,False
NEE,new_opportunity,media,Nueva oportunidad detectada en NEE,NEE aparece por primera vez con score 64.2 y clasificación seguimiento.,2026-09-02T12:25:24.846975+02:00,False
SRE,new_opportunity,media,Nueva oportunidad detectada en SRE,SRE aparece por primera vez con score 63.1 y clasificación descarte.,2026-09-02T12:25:26.951450+02:00,False
CPB,new_opportunity,media,Nueva oportunidad detectada en CPB,CPB aparece por primera vez con score 68.5 y clasificación seguimiento.,2026-09-02T12:25:32.426048+02:00,False
IP,new_opportunity,media,Nueva oportunidad detectada en IP,IP aparece por primera vez con score 74.2 y clasificación seguimiento.,2026-09-02T12:25:34.347730+02:00,False
META,new_opportunity,media,Nueva oportunidad detectada en META,META aparece por primera vez con score 61.6 y clasificación descarte.,2026-09-02T12:25:36.571094+02:00,False
QCOM,new_opportunity,media,Nueva oportunidad detectada en QCOM,QCOM aparece por primera vez con score 63.1 y clasificación seguimiento.,2026-09-02T12:25:38.054748+02:00,False
WBC.AX,new_opportunity,media,Nueva oportunidad detectada en WBC.AX,WBC.AX aparece por primera vez con score 64.8 y clasificación descarte.,2026-09-02T12:25:40.236424+02:00,False
WES.AX,new_opportunity,media,Nueva oportunidad detectada en WES.AX,WES.AX aparece por primera vez con score 60.8 y clasificación descarte.,2026-09-02T12:25:41.690372+02:00,False
FMG.AX,new_opportunity,media,Nueva oportunidad detectada en FMG.AX,FMG.AX aparece por primera vez con score 78.0 y clasificación seguimiento.,2026-09-02T12:25:43.909865+02:00,False
GPT.AX,new_opportunity,media,Nueva oportunidad detectada en GPT.AX,GPT.AX aparece por primera vez con score 68.0 y clasificación seguimiento.,2026-09-02T12:25:49.342746+02:00,False
SCG.AX,new_opportunity,media,Nueva oportunidad detectada en SCG.AX,SCG.AX aparece por primera vez con score 73.4 y clasificación seguimiento.,2026-09-02T12:25:49.370141+02:00,False
VCX.AX,new_opportunity,media,Nueva oportunidad detectada en VCX.AX,VCX.AX aparece por primera vez con score 63.3 y clasificación seguimiento.,2026-09-02T12:25:49.551791+02:00,False
MGR.AX,new_opportunity,media,Nueva oportunidad detectada en MGR.AX,MGR.AX aparece por primera vez con score 67.0 y clasificación seguimiento.,2026-09-02T12:25:49.559771+02:00,False
7203.T,new_opportunity,media,Nueva oportunidad detectada en 7203.T,7203.T aparece por primera vez con score 73.5 y clasificación seguimiento.,2026-09-02T12:25:51.651706+02:00,False
4503.T,new_opportunity,media,Nueva oportunidad detectada en 4503.T,4503.T aparece por primera vez con score 60.6 y clasificación seguimiento.,2026-09-02T12:25:55.802865+02:00,False
4568.T,new_opportunity,media,Nueva oportunidad detectada en 4568.T,4568.T aparece por primera vez con score 68.1 y clasificación seguimiento.,2026-09-02T12:25:57.035977+02:00,False
7751.T,new_opportunity,media,Nueva oportunidad detectada en 7751.T,7751.T aparece por primera vez con score 61.8 y clasificación seguimiento.,2026-09-02T12:25:59.154290+02:00,False
9020.T,new_opportunity,media,Nueva oportunidad detectada en 9020.T,9020.T aparece por primera vez con score 64.0 y clasificación seguimiento.,2026-09-02T12:26:00.741257+02:00,False
9022.T,new_opportunity,media,Nueva oportunidad detectada en 9022.T,9022.T aparece por primera vez con score 78.8 y clasificación seguimiento.,2026-09-02T12:26:01.177546+02:00,False
9021.T,new_opportunity,media,Nueva oportunidad detectada en 9021.T,9021.T aparece por primera vez con score 68.8 y clasificación seguimiento.,2026-09-02T12:26:01.189465+02:00,False
3382.T,new_opportunity,media,Nueva oportunidad detectada en 3382.T,3382.T aparece por primera vez con score 73.0 y clasificación seguimiento.,2026-09-02T12:26:03.484503+02:00,False
8002.T,new_opportunity,media,Nueva oportunidad detectada en 8002.T,8002.T aparece por primera vez con score 70.8 y clasificación seguimiento.,2026-09-02T12:26:03.792427+02:00,False
0016.HK,new_opportunity,media,Nueva oportunidad detectada en 0016.HK,0016.HK aparece por primera vez con score 68.6 y clasificación seguimiento.,2026-09-02T12:26:05.962276+02:00,False
0066.HK,new_opportunity,media,Nueva oportunidad detectada en 0066.HK,0066.HK aparece por primera vez con score 76.0 y clasificación seguimiento.,2026-09-02T12:26:07.735863+02:00,False
0700.HK,new_opportunity,media,Nueva oportunidad detectada en 0700.HK,0700.HK aparece por primera vez con score 77.3 y clasificación pendiente_confirmacion.,2026-09-02T12:26:09.748135+02:00,False
005930.KS,new_opportunity,media,Nueva oportunidad detectada en 005930.KS,005930.KS aparece por primera vez con score 63.1 y clasificación entrada_escalada.,2026-09-02T12:26:11.440555+02:00,False
1299.HK,new_opportunity,media,Nueva oportunidad detectada en 1299.HK,1299.HK aparece por primera vez con score 68.1 y clasificación seguimiento.,2026-09-02T12:26:11.488034+02:00,False
000660.KS,new_opportunity,media,Nueva oportunidad detectada en 000660.KS,000660.KS aparece por primera vez con score 61.3 y clasificación pendiente_confirmacion.,2026-09-02T12:26:11.986930+02:00,False
051910.KS,new_opportunity,media,Nueva oportunidad detectada en 051910.KS,051910.KS aparece por primera vez con score 64.3 y clasificación descarte.,2026-09-02T12:26:12.215535+02:00,False
035420.KS,new_opportunity,media,Nueva oportunidad detectada en 035420.KS,035420.KS aparece por primera vez con score 71.5 y clasificación seguimiento.,2026-09-02T12:26:13.150774+02:00,False
005380.KS,new_opportunity,media,Nueva oportunidad detectada en 005380.KS,005380.KS aparece por primera vez con score 60.4 y clasificación seguimiento.,2026-09-02T12:26:13.745848+02:00,False
Z74.SI,new_opportunity,media,Nueva oportunidad detectada en Z74.SI,Z74.SI aparece por primera vez con score 63.6 y clasificación seguimiento.,2026-09-02T12:26:17.695570+02:00,False
