Rank,Ticker,Nombre,Mercado,Sector,Industria,País,Moneda,Precio,Rules_Version,Model_Version,Config_Version,Evaluation_Timestamp,Score_Total,Score_Cuantitativo,Score_Fundamental,Score_Valoracion,Score_Causal,Score_Recuperacion,Score_Tecnico,Clasificacion,Clasificacion_Base,hard_rules_applied,Capa1_Pasa,Capa1_Status,Capa2_Causal_Classification,Capa2_Causal_Confidence,Capa2_Problem_Type,Capa2_Justification,Capa3_Recovery_Status,Capa3_Recovery_Signals,Capa4_Status,Capa5_Final_Classification,Capa5_Entry_Zone_Min,Capa5_Entry_Zone_Max,Capa5_Entry_Zone,Capa5_Exit_Zone_Min,Capa5_Exit_Zone_Max,Capa5_Exit_Zone,Capa5_Invalidation_Conditions,Capa5_Estimated_Horizon_Months,Capa5_Short_Explanation,Capa5_Summary_Explanation,Señales,Div_Yield_Actual_%,Historial_Div_Años_10,Consec_Antes_Corte,Recorte_Reciente,Payout_%,D/E,Vol_Medio_Diario,Net_Debt,Net_Debt_EBITDA,Variacion_Deuda_Trimestral_%,Tipo_Margen,Margen_Actual_%,Margen_Medio_4T_%,Variacion_Margen_pp,ROE_%,Cap_Millones,PER,P/B,EV_EBITDA,Caida_52s_%,Caida_Max_Multianual_%,Dist_SMA200_%,RSI_14,MACD_Cruce,MACD_Convergiendo,MACD_Semanal,MACD_Semanal_Giro,Estocastico_K,Estocastico_D,Estocastico_Giro,MA40_Semanal,Dist_MA40_Semanal_%,Base_Pattern_Detected,Trendline_Break,Technical_Base_Score,Technical_Bonus_Points,Vol_Ratio,Soporte,SMA50_Girando
1,CSL.AX,CSL FPO [CSL],ASX,Healthcare,Biotechnology,Australia,AUD,127.93,1.0,script-v2.0,1.0,2026-07-30T10:15:30.517487+02:00,85.8,83.5,84,83,0,4,93,seguimiento,seguimiento,Sin señales de recuperación,True,pass,pendiente,0,desconocido,Pendiente de implementar,ausente,eps_stabilization (media): EPS 6.17 vs 5.45 (annual_eps_fallback) | dividend_maintained (baja): Dividendo actual 3.33% con caída del 53.6%,fuerte,seguimiento,111.9,127.75,111.90 - 127.75,147.34,234.42,147.34 - 234.42,Pérdida del soporte en 127.75 | ROE negativo durante 2 trimestres consecutivos | Ampliación de capital dilutiva | Recorte de rating a bono basura,18-24,"CSL FPO [CSL] está un 53.6% por debajo de su máximo 52s. Fundamentalmente sólida con ROE 6.7%, deuda neta/EBITDA 2.1x. Técnicamente 🟢 Divergencia alcista RSI, 🟢 Cruce alcista MACD. Clasificación: seguimiento.","CSL FPO [CSL] está un 53.6% por debajo de su máximo 52s. Fundamentalmente sólida con ROE 6.7%, deuda neta/EBITDA 2.1x. Técnicamente 🟢 Divergencia alcista RSI, 🟢 Cruce alcista MACD. Clasificación: seguimiento.",🟢 Divergencia alcista RSI | 🟢 Cruce alcista MACD | 🟢 Bajo SMA200 con SMA50 girando | 🟢 Volumen creciente | 🟢 Cerca de soporte | 🟢 MACD semanal girando al alza | 🟡 trendline_break,3.33,11,20,False,45.5,0.54,1882772.0,9992999936.0,2.06,,gross,51.9,52.1,-0.2,6.7,61267.0,14.5,2.31,15.2,53.6,57.5,-13.2,65.3,True,False,-11.3187,True,93.0,77.4,False,144.77,-11.6,False,True,77,16,1.41,127.75,True
2,CAP.PA,CAPGEMINI,EUROSTOXX,Technology,Information Technology Services,France,EUR,106.2,1.0,script-v2.0,1.0,2026-07-30T10:13:48.299031+02:00,82.2,84.0,92,77,0,4,77,seguimiento,seguimiento,Sin señales de recuperación,True,pass,pendiente,0,desconocido,Pendiente de implementar,ausente,"dividend_maintained (baja): Dividendo actual 3.20% con caída del 30.6% | analyst_upgrade (media): Target 143.81 vs precio 106.20 (+35%), recMean 1.76, recKey buy",fuerte,seguimiento,94.58,95.77,94.58 - 95.77,111.24,130.09,111.24 - 130.09,Pérdida del soporte en 95.77 | ROE negativo durante 2 trimestres consecutivos | Ampliación de capital dilutiva | Recorte de rating a bono basura,12-18,"CAPGEMINI está un 30.6% por debajo de su máximo 52s. Fundamentalmente sólida con ROE 13.7%, deuda neta/EBITDA 2.3x. Técnicamente 🟢 Divergencia alcista RSI, 🟢 Cruce alcista MACD. Clasificación: seguimiento.","CAPGEMINI está un 30.6% por debajo de su máximo 52s. Fundamentalmente sólida con ROE 13.7%, deuda neta/EBITDA 2.3x. Técnicamente 🟢 Divergencia alcista RSI, 🟢 Cruce alcista MACD. Clasificación: seguimiento.",🟢 Divergencia alcista RSI | 🟢 Cruce alcista MACD | 🟢 MACD semanal girando al alza | 🟡 Apoyo en MA40 semanal | 🟢 base_pattern_detected,3.2,11,20,False,37.2,0.81,745768.0,6643999744.0,2.29,55.8,,27.0,,,13.7,17637.0,11.6,1.55,8.58,30.6,43.9,-4.5,69.9,True,False,-5.4413,True,89.0,92.9,False,110.89,-4.2,True,False,50,27,0.89,95.77,False
3,0700.HK,TENCENT,ASIA,Communication Services,Internet Content & Information,China,HKD,472.0,1.0,script-v2.0,1.0,2026-07-30T10:16:05.882291+02:00,81.3,79.8,99,63,0,7,86,seguimiento,seguimiento,,True,pass,pendiente,0,desconocido,Pendiente de implementar,parcial,"eps_stabilization (media): EPS 6.30 vs 6.28 (Diluted EPS) | dividend_maintained (baja): Dividendo actual 1.12% con caída del 30.9% | analyst_upgrade (media): Target 692.22 vs precio 472.00 (+47%), recMean 1.33, recKey strong_buy",fuerte,seguimiento,449.46,450.91,449.46 - 450.91,535.93,580.55,535.93 - 580.55,Pérdida del soporte en 450.91 | ROE negativo durante 2 trimestres consecutivos | Ampliación de capital dilutiva | Recorte de rating a bono basura,12-18,"TENCENT está un 30.9% por debajo de su máximo 52s. Fundamentalmente sólida con ROE 20.5%, deuda neta/EBITDA -0.2x. Técnicamente 🟢 Divergencia alcista RSI, 🟢 Cruce alcista MACD. Clasificación: seguimiento.","TENCENT está un 30.9% por debajo de su máximo 52s. Fundamentalmente sólida con ROE 20.5%, deuda neta/EBITDA -0.2x. Técnicamente 🟢 Divergencia alcista RSI, 🟢 Cruce alcista MACD. Clasificación: seguimiento.",🟢 Divergencia alcista RSI | 🟢 Cruce alcista MACD | 🟢 Cerca de soporte | 🟢 MACD semanal girando al alza | 🟡 Apoyo en MA40 semanal | 🟢 base_pattern_detected,1.12,11,19,False,17.1,0.33,33924483.0,-54203973632.0,-0.19,,gross,56.4,56.9,-0.5,20.5,4248769.0,16.9,3.26,15.03,30.9,30.1,-11.9,56.2,True,False,-24.0064,True,63.7,47.6,False,522.92,-9.7,True,False,59,27,0.82,450.91,False
4,035420.KS,NAVER,ASIA,Communication Services,Internet Content & Information,South Korea,KRW,194700.0,1.0,script-v2.0,1.0,2026-07-30T10:16:10.022419+02:00,78.8,81.4,75,87,0,7,71,seguimiento,seguimiento,,True,pass,pendiente,0,desconocido,Pendiente de implementar,parcial,"margin_stabilization (media): Margen gross 100.0% vs 100.0% (+0.0 pp) | dividend_maintained (baja): Dividendo actual 1.35% con caída del 36.0% | analyst_upgrade (media): Target 301962.97 vs precio 194700.00 (+55%), recMean 1.67, recKey buy",fuerte,seguimiento,193928.57,194700.0,193928.57 - 194700.00,231628.37,258400.0,231628.37 - 258400.00,Pérdida del soporte en 193928.57 | ROE negativo durante 2 trimestres consecutivos | Ampliación de capital dilutiva | Recorte de rating a bono basura,12-18,"NAVER está un 36.0% por debajo de su máximo 52s. Fundamentalmente sólida con ROE 5.7%, deuda neta/EBITDA -1.2x. Técnicamente 🟢 Divergencia alcista RSI, 🟢 Volumen creciente. Clasificación: seguimiento.","NAVER está un 36.0% por debajo de su máximo 52s. Fundamentalmente sólida con ROE 5.7%, deuda neta/EBITDA -1.2x. Técnicamente 🟢 Divergencia alcista RSI, 🟢 Volumen creciente. Clasificación: seguimiento.",🟢 Divergencia alcista RSI | 🟢 Volumen creciente | 🟢 Cerca de soporte | 🟢 base_pattern_detected,1.35,10,2,False,21.9,0.17,2036475.0,-3653219385344.0,-1.21,27.2,gross,100.0,100.0,0.0,5.7,29123183.0,13.0,,9.39,36.0,36.0,-15.9,45.8,False,False,-8918.981,False,25.5,39.3,False,229614.59,-15.2,True,False,59,12,1.65,193928.57,False
5,MC.PA,LVMH,EUROSTOXX,Consumer Cyclical,Luxury Goods,France,EUR,468.0,1.0,script-v2.0,1.0,2026-07-30T10:13:53.453901+02:00,77.0,74.9,100,53,0,9,83,seguimiento,seguimiento,,True,pass,pendiente,0,desconocido,Pendiente de implementar,parcial,"debt_reduction (alta): Deuda 37151.0M vs 39640.0M | dividend_maintained (baja): Dividendo actual 2.78% con caída del 28.5% | analyst_upgrade (media): Target 575.31 vs precio 468.00 (+23%), recMean 1.88, recKey buy",fuerte,seguimiento,461.85,468.0,461.85 - 468.00,530.58,556.5,530.58 - 556.50,Pérdida del soporte en 461.85 | ROE negativo durante 2 trimestres consecutivos | Ampliación de capital dilutiva | Recorte de rating a bono basura,12-18,"LVMH está un 28.5% por debajo de su máximo 52s. Fundamentalmente sólida con ROE 16.6%, deuda neta/EBITDA 1.2x. Técnicamente 🔵 RSI recuperándose de sobreventa, 🟡 MACD convergiendo. Clasificación: seguimiento.","LVMH está un 28.5% por debajo de su máximo 52s. Fundamentalmente sólida con ROE 16.6%, deuda neta/EBITDA 1.2x. Técnicamente 🔵 RSI recuperándose de sobreventa, 🟡 MACD convergiendo. Clasificación: seguimiento.",🔵 RSI recuperándose de sobreventa | 🟡 MACD convergiendo | 🟢 Bajo SMA200 con SMA50 girando | 🟢 Cerca de soporte | 🟢 base_pattern_detected,2.78,11,20,False,59.2,0.53,579173.0,24936998912.0,1.24,-6.3,,66.4,,,16.6,230770.0,21.3,3.39,12.83,28.5,36.1,-11.8,42.8,False,True,-11.5654,False,34.5,35.2,False,527.31,-11.2,True,False,71,12,1.14,461.85,True
6,TWE.AX,TREA WINE FPO [TWE],ASX,Consumer Defensive,Beverages - Wineries & Distilleries,Australia,AUD,4.97,1.0,script-v2.0,1.0,2026-07-30T10:15:44.116821+02:00,76.6,76.8,72,81,0,4,76,seguimiento,seguimiento,Sin señales de recuperación,True,pass,pendiente,0,desconocido,Pendiente de implementar,ausente,eps_stabilization (media): EPS 0.54 vs 0.13 (annual_eps_fallback) | dividend_maintained (baja): Dividendo actual 8.05% con caída del 39.4%,fuerte,seguimiento,4.63,4.75,4.63 - 4.75,4.88,6.98,4.88 - 6.98,Pérdida del soporte en 4.75 | ROE negativo durante 2 trimestres consecutivos | Ampliación de capital dilutiva | Recorte de rating a bono basura,12-18,"TREA WINE FPO [TWE] está un 39.4% por debajo de su máximo 52s. Fundamentalmente sólida con ROE -9.9%, deuda neta/EBITDA 1.8x. Técnicamente 🟢 Cruce alcista MACD, 🟢 Cerca de soporte. Clasificación: seguimiento.","TREA WINE FPO [TWE] está un 39.4% por debajo de su máximo 52s. Fundamentalmente sólida con ROE -9.9%, deuda neta/EBITDA 1.8x. Técnicamente 🟢 Cruce alcista MACD, 🟢 Cerca de soporte. Clasificación: seguimiento.",🟢 Cruce alcista MACD | 🟢 Cerca de soporte | 🟢 MACD semanal girando al alza | 🟢 base_pattern_detected | 🟡 trendline_break,8.05,10,0,False,72.4,0.54,3695873.0,1862100064.0,1.81,,,46.1,,,-9.9,4013.0,14.7,1.04,-22.54,39.4,57.7,1.9,62.5,True,False,-0.1075,True,74.2,84.8,False,4.82,3.1,True,True,48,28,1.1,4.75,True
7,RI.PA,PERNOD RICARD,EUROSTOXX,Consumer Defensive,Beverages - Wineries & Distilleries,France,EUR,69.36,1.0,script-v2.0,1.0,2026-07-30T10:13:56.007611+02:00,76.5,81.6,88,76,0,7,61,seguimiento,seguimiento,,True,pass,pendiente,0,desconocido,Pendiente de implementar,parcial,"eps_stabilization (media): EPS 6.45 vs 5.83 (annual_eps_fallback) | dividend_maintained (baja): Dividendo actual 6.78% con caída del 35.4% | analyst_upgrade (media): Target 85.05 vs precio 69.36 (+23%), recMean 2.50, recKey buy",razonable,seguimiento,61.99,63.78,61.99 - 63.78,68.93,91.33,68.93 - 91.33,Pérdida del soporte en 63.78 | ROE negativo durante 2 trimestres consecutivos | Ampliación de capital dilutiva | Recorte de rating a bono basura,12-18,"PERNOD RICARD está un 35.4% por debajo de su máximo 52s. Fundamentalmente sólida con ROE 8.6%, deuda neta/EBITDA 3.9x. Técnicamente 🟢 Divergencia alcista RSI, 🟢 MACD semanal girando al alza. Clasificación: seguimiento.","PERNOD RICARD está un 35.4% por debajo de su máximo 52s. Fundamentalmente sólida con ROE 8.6%, deuda neta/EBITDA 3.9x. Técnicamente 🟢 Divergencia alcista RSI, 🟢 MACD semanal girando al alza. Clasificación: seguimiento.",🟢 Divergencia alcista RSI | 🟢 MACD semanal girando al alza | 🟡 Apoyo en MA40 semanal | 🟢 base_pattern_detected | 🟡 trendline_break,6.78,11,20,False,84.0,0.82,681976.0,11203999744.0,3.89,8.0,,58.4,,,8.6,17466.0,12.4,1.13,10.22,35.4,44.9,0.6,71.1,False,False,-2.0393,True,99.3,95.9,False,68.41,1.4,True,True,28,33,0.98,63.78,True
8,EL.PA,ESSILORLUXOTTICA,EUROSTOXX,Healthcare,Medical Instruments & Supplies,France,EUR,166.9,1.0,script-v2.0,1.0,2026-07-30T10:13:50.233799+02:00,75.5,71.9,81,64,0,4,86,seguimiento,seguimiento,Sin señales de recuperación,True,pass,pendiente,0,desconocido,Pendiente de implementar,ausente,"dividend_maintained (baja): Dividendo actual 2.40% con caída del 48.5% | analyst_upgrade (media): Target 245.83 vs precio 166.90 (+47%), recMean 1.70, recKey buy",fuerte,seguimiento,164.62,166.9,164.62 - 166.90,226.25,275.23,226.25 - 275.23,Pérdida del soporte en 164.62 | ROE negativo durante 2 trimestres consecutivos | Ampliación de capital dilutiva | Recorte de rating a bono basura,18-24,"ESSILORLUXOTTICA está un 48.5% por debajo de su máximo 52s. Fundamentalmente sólida con ROE 6.1%, deuda neta/EBITDA 1.9x. Técnicamente 🟢 Divergencia alcista RSI, 🟢 Cruce alcista MACD. Clasificación: seguimiento.","ESSILORLUXOTTICA está un 48.5% por debajo de su máximo 52s. Fundamentalmente sólida con ROE 6.1%, deuda neta/EBITDA 1.9x. Técnicamente 🟢 Divergencia alcista RSI, 🟢 Cruce alcista MACD. Clasificación: seguimiento.",🟢 Divergencia alcista RSI | 🟢 Cruce alcista MACD | 🟢 Cerca de soporte | 🟢 MACD semanal girando al alza | 🟢 base_pattern_detected,2.4,11,20,False,79.3,0.36,682401.0,10854000128.0,1.95,2.5,,59.7,,,6.1,76706.0,31.2,1.99,16.08,48.5,47.2,-26.2,47.1,True,False,-17.608,True,46.9,45.8,False,221.48,-24.6,True,False,64,22,0.78,164.62,False
9,HEI.DE,Heidelberg Materials AG       I,EUROSTOXX,Basic Materials,Building Materials,Germany,EUR,167.75,1.0,script-v2.0,1.0,2026-07-30T10:13:43.816717+02:00,75.3,73.8,85,64,0,7,80,seguimiento,seguimiento,,True,pass,pendiente,0,desconocido,Pendiente de implementar,parcial,"eps_stabilization (media): EPS 10.92 vs 9.87 (annual_eps_fallback) | dividend_maintained (baja): Dividendo actual 2.15% con caída del 30.6% | analyst_upgrade (media): Target 218.95 vs precio 167.75 (+31%), recMean 2.00, recKey buy",fuerte,seguimiento,159.36,167.75,159.36 - 167.75,192.44,205.53,192.44 - 205.53,Pérdida del soporte en 159.36 | ROE negativo durante 2 trimestres consecutivos | Ampliación de capital dilutiva | Recorte de rating a bono basura,12-18,"Heidelberg Materials AG       I está un 30.6% por debajo de su máximo 52s. Fundamentalmente sólida con ROE 11.1%, deuda neta/EBITDA 1.4x. Técnicamente 🔵 RSI recuperándose de sobreventa, 🟢 Divergencia alcista RSI. Clasificación: seguimiento.","Heidelberg Materials AG       I está un 30.6% por debajo de su máximo 52s. Fundamentalmente sólida con ROE 11.1%, deuda neta/EBITDA 1.4x. Técnicamente 🔵 RSI recuperándose de sobreventa, 🟢 Divergencia alcista RSI. Clasificación: seguimiento.",🔵 RSI recuperándose de sobreventa | 🟢 Divergencia alcista RSI | 🟢 Cruce alcista MACD | 🟢 base_pattern_detected,2.15,11,20,False,,0.43,374174.0,5747299840.0,1.39,23.5,,64.2,,,11.1,29585.0,15.0,1.63,8.9,30.6,29.2,-12.8,42.8,True,False,-5.5405,False,39.2,36.2,False,192.22,-12.7,True,False,68,12,0.71,,False
10,4568.T,DAIICHI SANKYO COMPANY LIMITED,ASIA,Healthcare,Drug Manufacturers - General,Japan,JPY,2889.0,1.0,script-v2.0,1.0,2026-07-30T10:15:51.598104+02:00,74.7,70.3,98,46,0,4,88,seguimiento,seguimiento,Sin señales de recuperación,True,pass,pendiente,0,desconocido,Pendiente de implementar,ausente,"dividend_maintained (baja): Dividendo actual 3.46% con caída del 30.9% | analyst_upgrade (media): Target 4205.29 vs precio 2889.00 (+46%), recMean 1.41, recKey strong_buy",fuerte,seguimiento,2649.62,2748.75,2649.62 - 2748.75,3048.74,3551.3,3048.74 - 3551.30,Pérdida del soporte en 2748.75 | ROE negativo durante 2 trimestres consecutivos | Ampliación de capital dilutiva | Recorte de rating a bono basura,12-18,"DAIICHI SANKYO COMPANY LIMITED está un 30.9% por debajo de su máximo 52s. Fundamentalmente sólida con ROE 15.8%, deuda neta/EBITDA -0.3x. Técnicamente 🟢 Divergencia alcista RSI, 🟢 Bajo SMA200 con SMA50 girando. Clasificación: seguimiento.","DAIICHI SANKYO COMPANY LIMITED está un 30.9% por debajo de su máximo 52s. Fundamentalmente sólida con ROE 15.8%, deuda neta/EBITDA -0.3x. Técnicamente 🟢 Divergencia alcista RSI, 🟢 Bajo SMA200 con SMA50 girando. Clasificación: seguimiento.",🟢 Divergencia alcista RSI | 🟢 Bajo SMA200 con SMA50 girando | 🟢 Cerca de soporte | 🟢 MACD semanal girando al alza | 🟡 Apoyo en MA40 semanal | 🟢 base_pattern_detected | 🟡 trendline_break,3.46,11,20,False,55.6,0.21,7603881.0,-99755982848.0,-0.34,74.0,,68.5,,,15.8,5256978.0,20.6,3.16,17.45,30.9,52.0,-5.2,67.4,False,False,-83.5473,True,91.5,91.2,False,2958.06,-2.3,True,True,55,33,1.09,2748.75,True
11,MGR.AX,MIRVAC GRP STAPLED [MGR],ASX,Real Estate,REIT - Diversified,Australia,AUD,1.79,1.0,script-v2.0,1.0,2026-07-30T10:15:43.348825+02:00,73.5,68.6,67,70,0,4,88,seguimiento,seguimiento,Sin señales de recuperación,True,pass,pendiente,0,desconocido,Pendiente de implementar,ausente,eps_stabilization (media): EPS 0.02 vs -0.20 (annual_eps_fallback) | dividend_maintained (baja): Dividendo actual 5.59% con caída del 27.2%,fuerte,seguimiento,1.69,1.77,1.69 - 1.77,1.86,2.09,1.86 - 2.09,Pérdida del soporte en 1.77 | ROE negativo durante 2 trimestres consecutivos | Ampliación de capital dilutiva | Recorte de rating a bono basura,12-18,"MIRVAC GRP STAPLED [MGR] está un 27.2% por debajo de su máximo 52s. Fundamentalmente sólida con ROE 4.2%, deuda neta/EBITDA 5.2x. Técnicamente 🟢 Cruce alcista MACD, 🟢 Cerca de soporte. Clasificación: seguimiento.","MIRVAC GRP STAPLED [MGR] está un 27.2% por debajo de su máximo 52s. Fundamentalmente sólida con ROE 4.2%, deuda neta/EBITDA 5.2x. Técnicamente 🟢 Cruce alcista MACD, 🟢 Cerca de soporte. Clasificación: seguimiento.",🟢 Cruce alcista MACD | 🟢 Cerca de soporte | 🟢 MACD semanal girando al alza | 🟡 Apoyo en MA40 semanal | 🟢 base_pattern_detected | 🟡 trendline_break,5.59,11,20,False,94.2,0.44,12300627.0,3926999936.0,5.24,,,34.3,,,4.2,7063.0,17.9,0.77,14.8,27.2,23.5,-4.0,62.0,True,False,-0.0434,True,75.4,83.8,False,1.84,-2.7,True,True,55,33,1.29,1.77,True
12,SGO.PA,SAINT GOBAIN,EUROSTOXX,Industrials,Building Products & Equipment,France,EUR,76.26,1.0,script-v2.0,1.0,2026-07-30T10:13:57.686262+02:00,73.2,76.9,95,61,0,12,62,entrada_escalada,entrada_escalada,,True,pass,pendiente,0,desconocido,Pendiente de implementar,confirmada,"eps_stabilization (media): EPS 5.78 vs 5.64 (annual_eps_fallback) | debt_reduction (alta): Deuda 18088.0M vs 18384.0M | dividend_maintained (baja): Dividendo actual 3.02% con caída del 25.8% | analyst_upgrade (media): Target 96.92 vs precio 76.26 (+27%), recMean 1.89, recKey buy",razonable,entrada_escalada,72.18,76.26,72.18 - 76.26,78.54,87.34,78.54 - 87.34,Pérdida del soporte en 72.18 | ROE negativo durante 2 trimestres consecutivos | Ampliación de capital dilutiva | Recorte de rating a bono basura,12-18,"SAINT GOBAIN está un 25.8% por debajo de su máximo 52s. Fundamentalmente sólida con ROE 11.7%, deuda neta/EBITDA 1.6x. Técnicamente 🟢 Cruce alcista MACD, 🟡 Apoyo en MA40 semanal. Clasificación: entrada_escalada.","SAINT GOBAIN está un 25.8% por debajo de su máximo 52s. Fundamentalmente sólida con ROE 11.7%, deuda neta/EBITDA 1.6x. Técnicamente 🟢 Cruce alcista MACD, 🟡 Apoyo en MA40 semanal. Clasificación: entrada_escalada.",🟢 Cruce alcista MACD | 🟡 Apoyo en MA40 semanal | 🟢 base_pattern_detected,3.02,10,6,False,38.1,0.72,1123549.0,10505999360.0,1.55,-1.6,,27.8,,,11.7,37359.0,13.2,1.53,7.13,25.8,24.9,-2.9,51.1,True,False,-0.9431,False,82.4,71.6,False,78.18,-2.5,True,False,45,17,0.81,72.18,True
13,SAP.DE,SAP SE                        I,EUROSTOXX,Technology,Software - Application,Germany,EUR,159.98,1.0,script-v2.0,1.0,2026-07-30T10:13:40.926166+02:00,72.3,66.1,97,39,0,10,91,seguimiento,seguimiento,,True,pass,pendiente,0,desconocido,Pendiente de implementar,parcial,"margin_stabilization (media): Margen gross 73.2% vs 73.0% (+0.2 pp) | eps_stabilization (media): EPS 1.88 vs 1.65 (Diluted EPS) | dividend_maintained (baja): Dividendo actual 1.56% con caída del 38.2% | analyst_upgrade (media): Target 201.55 vs precio 159.98 (+26%), recMean 1.41, recKey strong_buy",fuerte,seguimiento,144.24,159.74,144.24 - 159.74,172.33,219.89,172.33 - 219.89,Pérdida del soporte en 159.74 | ROE negativo durante 2 trimestres consecutivos | Ampliación de capital dilutiva | Recorte de rating a bono basura,12-18,"SAP SE                        I está un 38.2% por debajo de su máximo 52s. Fundamentalmente sólida con ROE 18.3%, deuda neta/EBITDA -0.1x. Técnicamente 🟢 Divergencia alcista RSI, 🟢 Cruce alcista MACD. Clasificación: seguimiento.","SAP SE                        I está un 38.2% por debajo de su máximo 52s. Fundamentalmente sólida con ROE 18.3%, deuda neta/EBITDA -0.1x. Técnicamente 🟢 Divergencia alcista RSI, 🟢 Cruce alcista MACD. Clasificación: seguimiento.",🟢 Divergencia alcista RSI | 🟢 Cruce alcista MACD | 🟢 Cerca de soporte | 🟢 MACD semanal girando al alza | 🟡 Apoyo en MA40 semanal | 🟢 base_pattern_detected,1.56,11,20,False,37.4,0.22,2946673.0,-1685999616.0,-0.14,26.4,gross,73.7,72.8,0.9,18.3,184650.0,24.0,4.15,15.8,38.2,42.1,-7.2,68.1,True,False,-9.8249,True,91.1,96.1,False,168.73,-5.2,True,False,64,27,1.13,159.74,False
14,T,AT&T Inc.,SP500,Communication Services,Telecom Services,United States,USD,23.94,1.0,script-v2.0,1.0,2026-07-30T10:14:39.250515+02:00,71.3,75.5,84,68,0,7,59,seguimiento,seguimiento,,True,pass,pendiente,0,desconocido,Pendiente de implementar,parcial,margin_stabilization (media): Margen gross 61.8% vs 60.1% (+1.7 pp) | eps_stabilization (media): EPS 0.66 vs 0.54 (Diluted EPS) | dividend_maintained (baja): Dividendo actual 4.64% con caída del 19.6%,razonable,seguimiento,22.68,23.53,22.68 - 23.53,24.65,25.32,24.65 - 25.32,Pérdida del soporte en 23.53 | ROE negativo durante 2 trimestres consecutivos | Ampliación de capital dilutiva | Recorte de rating a bono basura,6-12,"AT&T Inc. está un 19.6% por debajo de su máximo 52s. Fundamentalmente sólida con ROE 18.3%, deuda neta/EBITDA 3.3x. Técnicamente 🟢 Divergencia alcista RSI, 🟢 Cerca de soporte. Clasificación: seguimiento.","AT&T Inc. está un 19.6% por debajo de su máximo 52s. Fundamentalmente sólida con ROE 18.3%, deuda neta/EBITDA 3.3x. Técnicamente 🟢 Divergencia alcista RSI, 🟢 Cerca de soporte. Clasificación: seguimiento.",🟢 Divergencia alcista RSI | 🟢 Cerca de soporte | 🟢 MACD semanal girando al alza | 🟡 Apoyo en MA40 semanal,4.64,11,20,False,,1.29,61936575.0,148185993216.0,3.3,5.4,gross,59.7,59.8,-0.1,18.3,164046.0,7.9,1.49,7.35,19.6,16.7,-2.9,62.9,False,False,-0.8431,True,70.6,84.9,False,24.68,-3.0,False,False,44,15,0.78,23.53,False
15,BMW.DE,BAYERISCHE MOTOREN WERKE AG   S,EUROSTOXX,Consumer Cyclical,Auto Manufacturers,Germany,EUR,61.04,1.0,script-v2.0,1.0,2026-07-30T10:13:33.900861+02:00,70.7,70.9,57,83,0,7,70,seguimiento,seguimiento,,True,pass,pendiente,0,desconocido,Pendiente de implementar,parcial,"margin_stabilization (media): Margen gross 14.7% vs 14.7% (+0.0 pp) | dividend_maintained (baja): Dividendo actual 7.21% con caída del 37.7% | analyst_upgrade (media): Target 73.82 vs precio 61.04 (+21%), recMean 2.45, recKey buy",fuerte,seguimiento,58.76,61.04,58.76 - 61.04,76.39,83.23,76.39 - 83.23,Pérdida del soporte en 58.76 | ROE negativo durante 2 trimestres consecutivos | Ampliación de capital dilutiva | Recorte de rating a bono basura,12-18,"BAYERISCHE MOTOREN WERKE AG   S está un 37.7% por debajo de su máximo 52s. Fundamentalmente sólida con ROE 7.1%, deuda neta/EBITDA 6.6x. Técnicamente 🟢 Divergencia alcista RSI, 🟢 Cerca de soporte. Clasificación: seguimiento.","BAYERISCHE MOTOREN WERKE AG   S está un 37.7% por debajo de su máximo 52s. Fundamentalmente sólida con ROE 7.1%, deuda neta/EBITDA 6.6x. Técnicamente 🟢 Divergencia alcista RSI, 🟢 Cerca de soporte. Clasificación: seguimiento.",🟢 Divergencia alcista RSI | 🟢 Cerca de soporte | 🟢 MACD semanal girando al alza | 🟢 base_pattern_detected,7.21,11,20,False,38.4,1.13,1592590.0,96188001280.0,6.56,31.2,gross,13.1,15.5,-2.4,7.1,36421.0,5.5,0.39,9.21,37.7,34.1,-20.1,54.9,False,False,-5.6819,True,97.1,74.9,False,76.53,-20.2,True,False,48,22,0.93,58.76,False
16,DSY.PA,DASSAULT SYSTEMES,EUROSTOXX,Technology,Software - Application,France,EUR,20.59,1.0,script-v2.0,1.0,2026-07-30T10:14:00.888022+02:00,70.2,70.0,94,49,0,7,71,seguimiento,seguimiento,,True,pass,pendiente,0,desconocido,Pendiente de implementar,parcial,margin_stabilization (media): Margen gross 84.1% vs 84.0% (+0.1 pp) | eps_stabilization (media): EPS 0.22 vs 0.22 (Diluted EPS) | dividend_maintained (baja): Dividendo actual 1.31% con caída del 32.2%,fuerte,seguimiento,17.49,18.66,17.49 - 18.66,20.58,25.81,20.58 - 25.81,Pérdida del soporte en 17.49 | ROE negativo durante 2 trimestres consecutivos | Ampliación de capital dilutiva | Recorte de rating a bono basura,12-18,"DASSAULT SYSTEMES está un 32.2% por debajo de su máximo 52s. Fundamentalmente sólida con ROE 15.1%, deuda neta/EBITDA -1.4x. Técnicamente 🟢 Divergencia alcista RSI, 🟢 Cruce alcista MACD. Clasificación: seguimiento.","DASSAULT SYSTEMES está un 32.2% por debajo de su máximo 52s. Fundamentalmente sólida con ROE 15.1%, deuda neta/EBITDA -1.4x. Técnicamente 🟢 Divergencia alcista RSI, 🟢 Cruce alcista MACD. Clasificación: seguimiento.",🟢 Divergencia alcista RSI | 🟢 Cruce alcista MACD | 🟢 MACD semanal girando al alza | 🟡 Apoyo en MA40 semanal | 🟢 base_pattern_detected,1.31,11,20,False,27.8,0.36,2355279.0,-2282400000.0,-1.36,36.2,gross,84.2,84.2,0.0,15.1,27055.0,21.2,2.93,15.17,32.2,48.9,0.0,66.6,True,False,-0.658,True,87.3,93.3,False,20.26,1.6,True,False,44,27,0.8,17.49,False
17,000660.KS,SK hynix,ASIA,Technology,Semiconductors,South Korea,KRW,1322000.0,1.0,script-v2.0,1.0,2026-07-30T10:16:09.863317+02:00,70.0,79.7,100,62,0,15,41,pendiente_confirmacion,pendiente_confirmacion,,True,pass,pendiente,0,desconocido,Pendiente de implementar,confirmada,"margin_stabilization (media): Margen gross 79.3% vs 68.8% (+10.5 pp) | eps_stabilization (media): EPS 56670.00 vs 17850.00 (Diluted EPS) | debt_reduction (alta): Deuda 21832415.6M vs 24757848.0M | dividend_maintained (baja): Dividendo actual 0.23% con caída del 55.7% | analyst_upgrade (media): Target 3408502.20 vs precio 1322000.00 (+158%), recMean 1.35, recKey strong_buy",incompleto,pendiente_confirmacion,1182802.27,1322000.0,1182802.27 - 1322000.00,1167892.17,2538950.0,1167892.17 - 2538950.00,Pérdida del soporte en 1182802.27 | ROE negativo durante 2 trimestres consecutivos | Ampliación de capital dilutiva | Recorte de rating a bono basura,18-24,"SK hynix está un 55.7% por debajo de su máximo 52s. Fundamentalmente sólida con ROE 61.2%, deuda neta/EBITDA -0.3x. Técnicamente 🔵 RSI en sobreventa, 🟢 Volumen creciente. Clasificación: pendiente_confirmacion.","SK hynix está un 55.7% por debajo de su máximo 52s. Fundamentalmente sólida con ROE 61.2%, deuda neta/EBITDA -0.3x. Técnicamente 🔵 RSI en sobreventa, 🟢 Volumen creciente. Clasificación: pendiente_confirmacion.",🔵 RSI en sobreventa | 🟢 Volumen creciente,0.23,11,13,False,2.8,0.13,5975022.0,-32529115512832.0,-0.35,-11.8,gross,68.3,64.8,3.5,61.2,938428208.0,2.9,,10.47,55.7,55.7,13.2,31.8,False,False,273391.4107,False,7.2,7.3,False,1221065.12,8.3,False,False,41,0,1.52,1182802.27,False
18,QCOM,QUALCOMM Incorporated,SP500,Technology,Semiconductors,United States,USD,155.68,1.0,script-v2.0,1.0,2026-07-30T10:15:29.272993+02:00,69.9,76.5,100,56,0,7,50,seguimiento,seguimiento,,True,pass,pendiente,0,desconocido,Pendiente de implementar,parcial,"eps_stabilization (media): EPS 6.88 vs 2.78 (Diluted EPS) | dividend_maintained (baja): Dividendo actual 2.36% con caída del 40.1% | analyst_upgrade (media): Target 220.57 vs precio 155.68 (+42%), recMean 2.56, recKey hold",razonable,seguimiento,131.63,155.68,131.63 - 155.68,167.92,220.93,167.92 - 220.93,Pérdida del soporte en 131.63 | ROE negativo durante 2 trimestres consecutivos | Ampliación de capital dilutiva | Recorte de rating a bono basura,18-24,"QUALCOMM Incorporated está un 40.1% por debajo de su máximo 52s. Fundamentalmente sólida con ROE 36.1%, deuda neta/EBITDA 0.4x. Técnicamente 🔵 RSI en sobreventa, 🟡 Apoyo en MA40 semanal. Clasificación: seguimiento.","QUALCOMM Incorporated está un 40.1% por debajo de su máximo 52s. Fundamentalmente sólida con ROE 36.1%, deuda neta/EBITDA 0.4x. Técnicamente 🔵 RSI en sobreventa, 🟡 Apoyo en MA40 semanal. Clasificación: seguimiento.",🔵 RSI en sobreventa | 🟡 Apoyo en MA40 semanal,2.36,11,20,False,38.3,0.56,22371304.0,5470999552.0,0.42,3.1,gross,54.8,54.8,-0.0,36.1,164087.0,17.5,6.04,13.04,40.1,39.9,-7.3,32.3,False,False,4.5863,False,1.9,7.0,False,168.79,-7.8,False,False,45,5,1.17,131.63,False
19,AZN.L,ASTRAZENECA PLC ORD SHS $0.25,EUROSTOXX,Healthcare,Drug Manufacturers - General,United Kingdom,GBp,13054.0,1.0,script-v2.0,1.0,2026-07-30T10:14:25.689727+02:00,69.8,66.0,98,38,0,12,81,entrada_directa,entrada_directa,,True,pass,pendiente,0,desconocido,Pendiente de implementar,confirmada,"margin_stabilization (media): Margen gross 83.6% vs 82.5% (+1.1 pp) | debt_reduction (alta): Deuda 32350.0M vs 33918.0M | dividend_maintained (baja): Dividendo actual 0.02% con caída del 17.0% | analyst_upgrade (media): Target 15831.19 vs precio 13054.00 (+21%), recMean 1.87, recKey buy",fuerte,entrada_directa,12461.33,13054.0,12461.33 - 13054.00,13372.2,13816.28,13372.20 - 13816.28,Pérdida del soporte en 12461.33 | ROE negativo durante 2 trimestres consecutivos | Ampliación de capital dilutiva | Recorte de rating a bono basura,6-12,"ASTRAZENECA PLC ORD SHS $0.25 está un 17.0% por debajo de su máximo 52s. Fundamentalmente sólida con ROE 22.0%, deuda neta/EBITDA 1.4x. Técnicamente 🟢 Divergencia alcista RSI, 🟢 Cruce alcista MACD. Clasificación: entrada_directa.","ASTRAZENECA PLC ORD SHS $0.25 está un 17.0% por debajo de su máximo 52s. Fundamentalmente sólida con ROE 22.0%, deuda neta/EBITDA 1.4x. Técnicamente 🟢 Divergencia alcista RSI, 🟢 Cruce alcista MACD. Clasificación: entrada_directa.",🟢 Divergencia alcista RSI | 🟢 Cruce alcista MACD | 🟢 Cerca de soporte | 🟡 Apoyo en MA40 semanal | 🟢 base_pattern_detected,0.02,11,20,False,47.4,0.64,2319875.0,27381999104.0,1.38,-4.6,gross,81.7,81.9,-0.2,22.0,202451.0,26.0,5.35,11.61,17.0,17.0,-5.5,48.4,True,False,-192.0207,False,89.8,81.3,False,13888.24,-6.0,True,False,64,17,0.74,12461.33,False
20,4503.T,ASTELLAS PHARMA,ASIA,Healthcare,Drug Manufacturers - General,Japan,JPY,2287.0,1.0,script-v2.0,1.0,2026-07-30T10:15:50.443193+02:00,68.8,75.5,100,54,0,9,49,seguimiento,seguimiento,,True,pass,pendiente,0,desconocido,Pendiente de implementar,parcial,eps_stabilization (media): EPS 162.22 vs 28.24 (annual_eps_fallback) | debt_reduction (alta): Deuda 672353.0M vs 831426.0M | dividend_maintained (baja): Dividendo actual 3.41% con caída del 15.8%,razonable,seguimiento,2171.91,2283.11,2171.91 - 2283.11,2161.28,2309.45,2161.28 - 2309.45,Pérdida del soporte en 2283.11 | ROE negativo durante 2 trimestres consecutivos | Ampliación de capital dilutiva | Recorte de rating a bono basura,6-12,"ASTELLAS PHARMA está un 15.8% por debajo de su máximo 52s. Fundamentalmente sólida con ROE 17.4%, deuda neta/EBITDA 0.6x. Técnicamente 🟢 Divergencia alcista RSI, 🟢 Cerca de soporte. Clasificación: seguimiento.","ASTELLAS PHARMA está un 15.8% por debajo de su máximo 52s. Fundamentalmente sólida con ROE 17.4%, deuda neta/EBITDA 0.6x. Técnicamente 🟢 Divergencia alcista RSI, 🟢 Cerca de soporte. Clasificación: seguimiento.",🟢 Divergencia alcista RSI | 🟢 Cerca de soporte | 🟢 base_pattern_detected,3.41,11,20,False,,0.37,6858242.0,390748012544.0,0.62,-19.1,,80.9,,,17.4,4097143.0,14.1,2.24,7.11,15.8,15.8,5.8,65.6,False,False,4.4964,False,90.6,92.9,False,2214.54,3.3,True,False,37,12,1.27,2283.11,False
21,ADS.DE,adidas AG                     N,EUROSTOXX,Consumer Cyclical,Footwear & Accessories,Germany,EUR,151.6,1.0,script-v2.0,1.0,2026-07-30T10:13:41.225879+02:00,68.5,67.3,94,44,0,10,72,seguimiento,seguimiento,,True,pass,pendiente,0,desconocido,Pendiente de implementar,parcial,"margin_stabilization (media): Margen gross 51.1% vs 50.8% (+0.3 pp) | eps_stabilization (media): EPS 2.72 vs 0.46 (Diluted EPS) | dividend_maintained (baja): Dividendo actual 1.85% con caída del 22.8% | analyst_upgrade (media): Target 207.59 vs precio 151.60 (+37%), recMean 1.67, recKey buy",fuerte,seguimiento,150.13,151.6,150.13 - 151.60,157.37,166.94,157.37 - 166.94,Pérdida del soporte en 150.13 | ROE negativo durante 2 trimestres consecutivos | Ampliación de capital dilutiva | Recorte de rating a bono basura,6-12,"adidas AG                     N está un 22.8% por debajo de su máximo 52s. Fundamentalmente sólida con ROE 22.9%, deuda neta/EBITDA 2.1x. Técnicamente 🔵 RSI en sobreventa, 🟢 Cerca de soporte. Clasificación: seguimiento.","adidas AG                     N está un 22.8% por debajo de su máximo 52s. Fundamentalmente sólida con ROE 22.9%, deuda neta/EBITDA 2.1x. Técnicamente 🔵 RSI en sobreventa, 🟢 Cerca de soporte. Clasificación: seguimiento.",🔵 RSI en sobreventa | 🟢 Cerca de soporte | 🟡 Apoyo en MA40 semanal | 🟢 base_pattern_detected,1.85,10,6,False,25.9,0.94,649578.0,5079000000.0,2.06,7.1,gross,51.4,51.4,0.0,22.9,26886.0,19.7,4.44,15.14,22.8,40.9,-3.7,27.8,False,False,4.8139,False,5.8,50.3,False,155.58,-2.6,True,False,55,17,1.2,150.13,True
22,AD.AS,KONINKLIJKE AHOLD DELHAIZE N.V.,EUROSTOXX,Consumer Defensive,Grocery Stores,Netherlands,EUR,35.33,1.0,script-v2.0,1.0,2026-07-30T10:14:07.342565+02:00,68.3,67.1,81,55,0,4,72,seguimiento,seguimiento,Sin señales de recuperación,True,pass,pendiente,0,desconocido,Pendiente de implementar,ausente,margin_stabilization (media): Margen gross 26.8% vs 26.8% (+0.0 pp) | dividend_maintained (baja): Dividendo actual 3.51% con caída del 16.9%,fuerte,seguimiento,34.75,35.33,34.75 - 35.33,36.16,36.52,36.16 - 36.52,Pérdida del soporte en 34.75 | ROE negativo durante 2 trimestres consecutivos | Ampliación de capital dilutiva | Recorte de rating a bono basura,6-12,"KONINKLIJKE AHOLD DELHAIZE N.V. está un 16.9% por debajo de su máximo 52s. Fundamentalmente sólida con ROE 15.0%, deuda neta/EBITDA 2.9x. Técnicamente 🟢 Divergencia alcista RSI, 🟡 MACD convergiendo. Clasificación: seguimiento.","KONINKLIJKE AHOLD DELHAIZE N.V. está un 16.9% por debajo de su máximo 52s. Fundamentalmente sólida con ROE 15.0%, deuda neta/EBITDA 2.9x. Técnicamente 🟢 Divergencia alcista RSI, 🟡 MACD convergiendo. Clasificación: seguimiento.",🟢 Divergencia alcista RSI | 🟡 MACD convergiendo | 🟢 Cerca de soporte | 🟡 Apoyo en MA40 semanal | 🟢 base_pattern_detected,3.51,11,18,False,,1.31,2481418.0,15554000384.0,2.89,5.5,gross,26.6,26.6,-0.0,15.0,31149.0,14.0,2.1,8.58,16.9,15.6,-3.3,49.2,False,True,-0.5104,False,61.3,46.8,False,36.56,-3.4,True,False,55,17,0.85,34.75,False
23,DTE.DE,DEUTSCHE TELEKOM AG           N,EUROSTOXX,Communication Services,Telecom Services,Germany,EUR,27.48,1.0,script-v2.0,1.0,2026-07-30T10:13:36.338713+02:00,68.0,66.9,76,59,0,10,71,seguimiento,seguimiento,,True,pass,pendiente,0,desconocido,Pendiente de implementar,parcial,"margin_stabilization (media): Margen gross 62.1% vs 56.8% (+5.2 pp) | eps_stabilization (media): EPS 0.42 vs 0.36 (Diluted EPS) | dividend_maintained (baja): Dividendo actual 3.64% con caída del 20.0% | analyst_upgrade (media): Target 37.41 vs precio 27.48 (+36%), recMean 1.35, recKey strong_buy",fuerte,seguimiento,26.94,27.07,26.94 - 27.07,28.08,29.21,28.08 - 29.21,Pérdida del soporte en 26.94 | ROE negativo durante 2 trimestres consecutivos | Ampliación de capital dilutiva | Recorte de rating a bono basura,6-12,"DEUTSCHE TELEKOM AG           N está un 20.0% por debajo de su máximo 52s. Fundamentalmente sólida con ROE 14.4%, deuda neta/EBITDA 3.3x. Técnicamente 🟢 Divergencia alcista RSI, 🟢 Cerca de soporte. Clasificación: seguimiento.","DEUTSCHE TELEKOM AG           N está un 20.0% por debajo de su máximo 52s. Fundamentalmente sólida con ROE 14.4%, deuda neta/EBITDA 3.3x. Técnicamente 🟢 Divergencia alcista RSI, 🟢 Cerca de soporte. Clasificación: seguimiento.",🟢 Divergencia alcista RSI | 🟢 Cerca de soporte | 🟢 MACD semanal girando al alza | 🟡 Apoyo en MA40 semanal | 🟢 base_pattern_detected,3.64,11,20,False,,1.62,7094735.0,140081996800.0,3.34,6.1,gross,44.5,61.0,-16.5,14.4,132949.0,15.2,2.1,7.19,20.0,18.7,-2.1,57.5,False,False,-0.6522,True,85.2,86.6,False,28.08,-2.2,True,False,44,27,0.63,26.94,False
24,FMG.AX,FORTESCUE FPO [FMG],ASX,Basic Materials,Other Industrial Metals & Mining,Australia,AUD,18.86,1.0,script-v2.0,1.0,2026-07-30T10:15:35.511961+02:00,68.0,76.0,100,55,0,1,44,seguimiento,seguimiento,Sin señales de recuperación,True,pass,pendiente,0,desconocido,Pendiente de implementar,ausente,dividend_maintained (baja): Dividendo actual 6.57% con caída del 19.3%,incompleto,seguimiento,17.92,18.86,17.92 - 18.86,19.87,20.42,19.87 - 20.42,Pérdida del soporte en 17.92 | ROE negativo durante 2 trimestres consecutivos | Ampliación de capital dilutiva | Recorte de rating a bono basura,6-12,"FORTESCUE FPO [FMG] está un 19.3% por debajo de su máximo 52s. Fundamentalmente sólida con ROE 18.7%, deuda neta/EBITDA 0.1x. Técnicamente 🟢 Divergencia alcista RSI, 🟡 Apoyo en MA40 semanal. Clasificación: seguimiento.","FORTESCUE FPO [FMG] está un 19.3% por debajo de su máximo 52s. Fundamentalmente sólida con ROE 18.7%, deuda neta/EBITDA 0.1x. Técnicamente 🟢 Divergencia alcista RSI, 🟡 Apoyo en MA40 semanal. Clasificación: seguimiento.",🟢 Divergencia alcista RSI | 🟡 Apoyo en MA40 semanal,6.57,11,16,True,58.0,0.28,5720228.0,1013000192.0,0.12,,,41.9,,,18.7,58069.0,10.8,1.95,7.21,19.3,18.5,-7.6,47.2,False,False,-0.3719,False,46.6,57.9,False,20.39,-7.5,False,False,39,5,0.83,,False
25,PHIA.AS,KON.PHILIPS N.V.,EUROSTOXX,Healthcare,Medical Devices,Netherlands,EUR,23.24,1.0,script-v2.0,1.0,2026-07-30T10:14:04.971428+02:00,67.0,65.0,81,51,0,15,73,entrada_directa,entrada_directa,,True,pass,pendiente,0,desconocido,Pendiente de implementar,confirmada,"margin_stabilization (media): Margen gross 49.3% vs 45.2% (+4.1 pp) | eps_stabilization (media): EPS 0.40 vs 0.16 (Diluted EPS) | debt_reduction (alta): Deuda 7465.0M vs 8097.0M | dividend_maintained (baja): Dividendo actual 3.66% con caída del 16.1% | analyst_upgrade (media): Target 27.95 vs precio 23.24 (+20%), recMean 2.30, recKey buy",fuerte,entrada_directa,22.24,23.24,22.24 - 23.24,23.36,23.54,23.36 - 23.54,Pérdida del soporte en 22.24 | ROE negativo durante 2 trimestres consecutivos | Ampliación de capital dilutiva | Recorte de rating a bono basura,6-12,"KON.PHILIPS N.V. está un 16.1% por debajo de su máximo 52s. Fundamentalmente sólida con ROE 10.2%, deuda neta/EBITDA 2.4x. Técnicamente 🟡 MACD convergiendo, 🟢 Volumen creciente. Clasificación: entrada_directa.","KON.PHILIPS N.V. está un 16.1% por debajo de su máximo 52s. Fundamentalmente sólida con ROE 10.2%, deuda neta/EBITDA 2.4x. Técnicamente 🟡 MACD convergiendo, 🟢 Volumen creciente. Clasificación: entrada_directa.",🟡 MACD convergiendo | 🟢 Volumen creciente | 🟢 Cerca de soporte | 🟡 Apoyo en MA40 semanal | 🟢 base_pattern_detected,3.66,8,2,False,74.6,0.65,2104729.0,5676000000.0,2.35,-7.8,gross,45.9,46.0,-0.0,10.2,22715.0,20.4,1.98,11.59,16.1,16.9,-0.5,47.9,False,True,0.1212,False,70.7,53.0,False,23.3,-0.3,True,False,56,17,2.06,22.24,True
26,ORG.AX,ORIGIN ENE FPO [ORG],ASX,Utilities,Utilities - Diversified,Australia,AUD,10.66,1.0,script-v2.0,1.0,2026-07-30T10:15:41.068093+02:00,66.5,65.9,83,51,0,4,68,seguimiento,seguimiento,Sin señales de recuperación,True,pass,pendiente,0,desconocido,Pendiente de implementar,ausente,eps_stabilization (media): EPS 0.86 vs 0.81 (annual_eps_fallback) | dividend_maintained (baja): Dividendo actual 5.63% con caída del 18.8%,razonable,seguimiento,10.45,10.66,10.45 - 10.66,11.16,11.41,11.16 - 11.41,Pérdida del soporte en 10.45 | ROE negativo durante 2 trimestres consecutivos | Ampliación de capital dilutiva | Recorte de rating a bono basura,6-12,"ORIGIN ENE FPO [ORG] está un 18.8% por debajo de su máximo 52s. Fundamentalmente sólida con ROE 10.2%, deuda neta/EBITDA 3.0x. Técnicamente 🟢 Divergencia alcista RSI, 🟢 Cerca de soporte. Clasificación: seguimiento.","ORIGIN ENE FPO [ORG] está un 18.8% por debajo de su máximo 52s. Fundamentalmente sólida con ROE 10.2%, deuda neta/EBITDA 3.0x. Técnicamente 🟢 Divergencia alcista RSI, 🟢 Cerca de soporte. Clasificación: seguimiento.",🟢 Divergencia alcista RSI | 🟢 Cerca de soporte | 🟢 MACD semanal girando al alza | 🟡 Apoyo en MA40 semanal,5.63,9,8,False,101.4,0.48,4089796.0,3991999936.0,3.01,,,20.2,,,10.2,18364.0,18.1,1.88,16.82,18.8,17.0,-6.6,51.5,False,False,-0.295,True,80.0,78.5,False,11.4,-6.5,False,False,53,15,1.11,10.45,False
27,MSFT,Microsoft Corporation,SP500,Technology,Software - Infrastructure,United States,USD,390.54,1.0,script-v2.0,1.0,2026-07-30T10:15:25.195538+02:00,66.0,64.3,91,41,0,7,71,seguimiento,seguimiento,,True,pass,pendiente,0,desconocido,Pendiente de implementar,parcial,"margin_stabilization (media): Margen gross 67.6% vs 68.0% (-0.4 pp) | dividend_maintained (baja): Dividendo actual 0.93% con caída del 29.7% | analyst_upgrade (media): Target 555.77 vs precio 390.54 (+42%), recMean 1.34, recKey strong_buy",fuerte,seguimiento,352.36,390.54,352.36 - 390.54,432.77,472.13,432.77 - 472.13,Pérdida del soporte en 352.36 | ROE negativo durante 2 trimestres consecutivos | Ampliación de capital dilutiva | Recorte de rating a bono basura,12-18,"Microsoft Corporation está un 29.7% por debajo de su máximo 52s. Fundamentalmente sólida con ROE 34.0%, deuda neta/EBITDA 0.3x. Técnicamente 🟢 Divergencia alcista RSI, 🟢 MACD semanal girando al alza. Clasificación: seguimiento.","Microsoft Corporation está un 29.7% por debajo de su máximo 52s. Fundamentalmente sólida con ROE 34.0%, deuda neta/EBITDA 0.3x. Técnicamente 🟢 Divergencia alcista RSI, 🟢 MACD semanal girando al alza. Clasificación: seguimiento.",🟢 Divergencia alcista RSI | 🟢 MACD semanal girando al alza | 🟡 Apoyo en MA40 semanal | 🟢 base_pattern_detected,0.93,11,20,False,20.7,0.3,39186175.0,47203999744.0,0.26,117.7,gross,68.3,68.3,-0.0,34.0,2901101.0,23.4,7.0,15.98,29.7,29.1,-9.8,50.0,False,False,-12.9701,True,46.0,51.8,False,425.85,-8.3,True,False,44,27,1.09,352.36,False
28,6758.T,SONY GROUP CORPORATION,ASIA,Technology,Consumer Electronics,Japan,JPY,3809.0,1.0,script-v2.0,1.0,2026-07-30T10:15:51.795976+02:00,65.6,65.1,87,46,0,10,67,seguimiento,seguimiento,,True,pass,pendiente,0,desconocido,Pendiente de implementar,parcial,"margin_stabilization (media): Margen gross 30.8% vs 28.4% (+2.3 pp) | eps_stabilization (media): EPS 13.89 vs -169.03 (Diluted EPS) | dividend_maintained (baja): Dividendo actual 0.66% con caída del 20.2% | analyst_upgrade (media): Target 4686.82 vs precio 3809.00 (+23%), recMean 1.39, recKey strong_buy",razonable,seguimiento,3233.06,3423.2,3233.06 - 3423.20,3699.41,4059.6,3699.41 - 4059.60,Pérdida del soporte en 3233.06 | ROE negativo durante 2 trimestres consecutivos | Ampliación de capital dilutiva | Recorte de rating a bono basura,6-12,"SONY GROUP CORPORATION está un 20.2% por debajo de su máximo 52s. Fundamentalmente sólida con ROE 12.3%, deuda neta/EBITDA -0.3x. Técnicamente 🟢 Divergencia alcista RSI, 🟢 Volumen creciente. Clasificación: seguimiento.","SONY GROUP CORPORATION está un 20.2% por debajo de su máximo 52s. Fundamentalmente sólida con ROE 12.3%, deuda neta/EBITDA -0.3x. Técnicamente 🟢 Divergencia alcista RSI, 🟢 Volumen creciente. Clasificación: seguimiento.",🟢 Divergencia alcista RSI | 🟢 Volumen creciente | 🟢 MACD semanal girando al alza | 🟢 base_pattern_detected | 🟡 trendline_break,0.66,11,20,False,,0.2,22381249.0,-539210022912.0,-0.27,0.8,gross,31.2,31.0,0.3,12.3,22368206.0,22.2,2.77,11.37,20.2,19.9,3.0,74.1,False,False,-39.2771,True,90.5,96.6,False,3637.93,4.7,True,True,39,28,1.52,3233.06,True
29,7203.T,TOYOTA MOTOR CORP,ASIA,Consumer Cyclical,Auto Manufacturers,Japan,JPY,3126.0,1.0,script-v2.0,1.0,2026-07-30T10:15:46.226077+02:00,65.5,63.3,67,60,0,1,72,seguimiento,seguimiento,Sin señales de recuperación,True,pass,pendiente,0,desconocido,Pendiente de implementar,ausente,dividend_maintained (baja): Dividendo actual 3.04% con caída del 21.9%,fuerte,seguimiento,2801.43,2875.28,2801.43 - 2875.28,3161.4,3400.0,3161.40 - 3400.00,Pérdida del soporte en 2801.43 | ROE negativo durante 2 trimestres consecutivos | Ampliación de capital dilutiva | Recorte de rating a bono basura,6-12,"TOYOTA MOTOR CORP está un 21.9% por debajo de su máximo 52s. Fundamentalmente sólida con ROE 10.2%, deuda neta/EBITDA 5.3x. Técnicamente 🟢 Divergencia alcista RSI, 🟢 Volumen creciente. Clasificación: seguimiento.","TOYOTA MOTOR CORP está un 21.9% por debajo de su máximo 52s. Fundamentalmente sólida con ROE 10.2%, deuda neta/EBITDA 5.3x. Técnicamente 🟢 Divergencia alcista RSI, 🟢 Volumen creciente. Clasificación: seguimiento.",🟢 Divergencia alcista RSI | 🟢 Volumen creciente | 🟢 MACD semanal girando al alza | 🟡 Apoyo en MA40 semanal | 🟢 base_pattern_detected,3.04,11,20,False,,1.07,28720709.0,30048937574400.0,5.35,4.2,gross,16.7,16.7,0.0,10.2,37015131.0,10.6,1.02,13.04,21.9,20.7,-1.1,64.5,False,False,-80.9562,True,75.6,90.1,False,3189.78,-2.0,True,False,45,27,2.0,2801.43,True
30,MUV2.DE,MUENCHENER RUECKVERS.-GES. AG N,EUROSTOXX,Financial Services,Insurance - Reinsurance,Germany,EUR,525.0,1.0,script-v2.0,1.0,2026-07-30T10:13:39.121778+02:00,65.4,60.3,96,29,0,4,81,seguimiento,seguimiento,Sin señales de recuperación,False,pass,pendiente,0,desconocido,Pendiente de implementar,ausente,margin_stabilization (media): Margen operating 13.7% vs 11.8% (+1.9 pp) | dividend_maintained (baja): Dividendo actual 4.57% con caída del 14.2%,fuerte,seguimiento,482.65,522.07,482.65 - 522.07,505.05,520.03,505.05 - 520.03,Pérdida del soporte en 522.07 | ROE negativo durante 2 trimestres consecutivos | Ampliación de capital dilutiva | Recorte de rating a bono basura,6-12,"MUENCHENER RUECKVERS.-GES. AG N está un 14.2% por debajo de su máximo 52s. Fundamentalmente sólida con ROE 19.8%, D/E 0.22. Técnicamente 🟢 Divergencia alcista RSI, 🟢 Cruce alcista MACD. Clasificación: seguimiento.","MUENCHENER RUECKVERS.-GES. AG N está un 14.2% por debajo de su máximo 52s. Fundamentalmente sólida con ROE 19.8%, D/E 0.22. Técnicamente 🟢 Divergencia alcista RSI, 🟢 Cruce alcista MACD. Clasificación: seguimiento.",🟢 Divergencia alcista RSI | 🟢 Cruce alcista MACD | 🟢 Cerca de soporte | 🟢 MACD semanal girando al alza | 🟢 base_pattern_detected | 🟡 trendline_break,4.57,11,20,False,38.3,0.22,352549.0,1918000128.0,,1.1,operating,15.5,15.6,-0.1,19.8,67180.0,10.1,1.94,,14.2,10.1,3.9,67.8,True,False,-0.8786,True,94.0,94.2,False,504.18,4.1,True,True,53,28,0.91,522.07,True
31,LR.PA,LEGRAND,EUROSTOXX,Industrials,Electrical Equipment & Parts,France,EUR,126.0,1.0,script-v2.0,1.0,2026-07-30T10:13:52.459643+02:00,65.4,63.2,100,31,0,15,72,entrada_directa,entrada_directa,,True,pass,pendiente,0,desconocido,Pendiente de implementar,confirmada,"margin_stabilization (media): Margen gross 50.5% vs 50.5% (-0.1 pp) | eps_stabilization (media): EPS 1.26 vs 1.12 (Diluted EPS) | debt_reduction (alta): Deuda 6610.6M vs 6610.6M | dividend_maintained (baja): Dividendo actual 1.89% con caída del 24.5% | analyst_upgrade (media): Target 162.68 vs precio 126.00 (+29%), recMean 2.32, recKey buy",fuerte,entrada_directa,119.7,126.0,119.70 - 126.00,137.99,141.91,137.99 - 141.91,Pérdida del soporte en 119.70 | ROE negativo durante 2 trimestres consecutivos | Ampliación de capital dilutiva | Recorte de rating a bono basura,6-12,"LEGRAND está un 24.5% por debajo de su máximo 52s. Fundamentalmente sólida con ROE 16.9%, deuda neta/EBITDA 2.2x. Técnicamente 🔵 RSI en sobreventa, 🟢 Divergencia alcista RSI. Clasificación: entrada_directa.","LEGRAND está un 24.5% por debajo de su máximo 52s. Fundamentalmente sólida con ROE 16.9%, deuda neta/EBITDA 2.2x. Técnicamente 🔵 RSI en sobreventa, 🟢 Divergencia alcista RSI. Clasificación: entrada_directa.",🔵 RSI en sobreventa | 🟢 Divergencia alcista RSI | 🟡 Apoyo en MA40 semanal | 🟢 base_pattern_detected,1.89,11,20,False,45.3,0.85,607674.0,4668599936.0,2.17,-0.0,gross,50.4,50.4,0.0,16.9,33029.0,25.9,4.26,17.88,24.5,23.3,-8.7,26.8,False,False,-0.2148,False,1.7,3.2,False,137.18,-8.1,True,False,55,17,1.06,,False
32,WKL.AS,WOLTERS KLUWER,EUROSTOXX,Industrials,Specialty Business Services,Netherlands,EUR,73.54,1.0,script-v2.0,1.0,2026-07-30T10:14:07.059430+02:00,65.2,67.0,67,67,0,7,60,seguimiento,seguimiento,,True,pass,pendiente,0,desconocido,Pendiente de implementar,parcial,"eps_stabilization (media): EPS 5.64 vs 4.52 (annual_eps_fallback) | dividend_maintained (baja): Dividendo actual 3.43% con caída del 49.0% | analyst_upgrade (media): Target 91.70 vs precio 73.54 (+25%), recMean 1.73, recKey buy",razonable,seguimiento,60.88,63.66,60.88 - 63.66,73.33,122.61,73.33 - 122.61,Pérdida del soporte en 63.66 | ROE negativo durante 2 trimestres consecutivos | Ampliación de capital dilutiva | Recorte de rating a bono basura,18-24,"WOLTERS KLUWER está un 49.0% por debajo de su máximo 52s. Fundamentalmente sólida con ROE 111.7%, deuda neta/EBITDA 2.1x. Técnicamente 🟢 Divergencia alcista RSI, 🟢 MACD semanal girando al alza. Clasificación: seguimiento.","WOLTERS KLUWER está un 49.0% por debajo de su máximo 52s. Fundamentalmente sólida con ROE 111.7%, deuda neta/EBITDA 2.1x. Técnicamente 🟢 Divergencia alcista RSI, 🟢 MACD semanal girando al alza. Clasificación: seguimiento.",🟢 Divergencia alcista RSI | 🟢 MACD semanal girando al alza | 🟡 Apoyo en MA40 semanal | 🟢 base_pattern_detected,3.43,11,20,False,,6.23,1205555.0,4040000256.0,2.09,22.2,,73.5,,,111.7,16387.0,13.0,20.84,10.74,49.0,57.6,0.3,77.8,False,False,-4.2507,True,99.3,97.5,False,71.77,2.5,True,False,33,27,1.21,63.66,True
33,IBM,International Business Machines,SP500,Technology,Information Technology Services,United States,USD,226.44,1.0,script-v2.0,1.0,2026-07-30T10:15:01.028347+02:00,65.2,66.3,94,42,0,12,62,entrada_escalada,entrada_escalada,,True,pass,pendiente,0,desconocido,Pendiente de implementar,confirmada,margin_stabilization (media): Margen gross 57.7% vs 56.2% (+1.5 pp) | eps_stabilization (media): EPS 2.27 vs 1.28 (Diluted EPS) | debt_reduction (alta): Deuda 65272.0M vs 69802.0M | dividend_maintained (baja): Dividendo actual 2.99% con caída del 31.9%,razonable,entrada_escalada,201.82,226.44,201.82 - 226.44,268.71,282.59,268.71 - 282.59,Pérdida del soporte en 201.82 | ROE negativo durante 2 trimestres consecutivos | Ampliación de capital dilutiva | Recorte de rating a bono basura,12-18,"International Business Machines está un 31.9% por debajo de su máximo 52s. Fundamentalmente sólida con ROE 34.5%, deuda neta/EBITDA 3.5x. Técnicamente 🔵 RSI recuperándose de sobreventa, 🟡 MACD convergiendo. Clasificación: entrada_escalada.","International Business Machines está un 31.9% por debajo de su máximo 52s. Fundamentalmente sólida con ROE 34.5%, deuda neta/EBITDA 3.5x. Técnicamente 🔵 RSI recuperándose de sobreventa, 🟡 MACD convergiendo. Clasificación: entrada_escalada.",🔵 RSI recuperándose de sobreventa | 🟡 MACD convergiendo | 🟢 base_pattern_detected,2.99,11,20,False,59.8,1.89,11162137.0,57140000768.0,3.47,-6.5,gross,58.1,58.0,0.1,34.5,213337.0,20.2,6.19,16.43,31.9,31.9,-15.7,42.2,False,True,-6.5687,False,27.4,24.1,False,267.83,-15.5,True,False,50,12,0.72,201.82,False
34,9022.T,CENTRAL JAPAN RAILWAY CO,ASIA,Industrials,Railroads,Japan,JPY,4174.0,1.0,script-v2.0,1.0,2026-07-30T10:15:58.054061+02:00,63.5,67.4,85,52,0,9,52,seguimiento,seguimiento,,True,pass,pendiente,0,desconocido,Pendiente de implementar,parcial,eps_stabilization (media): EPS 570.84 vs 465.88 (annual_eps_fallback) | debt_reduction (alta): Deuda 4308083.9M vs 4308098.0M | dividend_maintained (baja): Dividendo actual 0.77% con caída del 13.6%,razonable,seguimiento,3554.78,4088.22,3554.78 - 4088.22,4060.24,4105.5,4060.24 - 4105.50,Pérdida del soporte en 4088.22 | ROE negativo durante 2 trimestres consecutivos | Ampliación de capital dilutiva | Recorte de rating a bono basura,6-12,"CENTRAL JAPAN RAILWAY CO está un 13.6% por debajo de su máximo 52s. Fundamentalmente sólida con ROE 11.5%, deuda neta/EBITDA 3.8x. Técnicamente 🟢 Divergencia alcista RSI, 🟢 Cerca de soporte. Clasificación: seguimiento.","CENTRAL JAPAN RAILWAY CO está un 13.6% por debajo de su máximo 52s. Fundamentalmente sólida con ROE 11.5%, deuda neta/EBITDA 3.8x. Técnicamente 🟢 Divergencia alcista RSI, 🟢 Cerca de soporte. Clasificación: seguimiento.",🟢 Divergencia alcista RSI | 🟢 Cerca de soporte | 🟢 MACD semanal girando al alza,0.77,11,20,False,,0.84,3291542.0,3939490922496.0,3.8,-0.0,,52.2,,,11.5,3969759.0,7.3,0.79,7.78,13.6,13.3,2.8,75.3,False,False,-80.7833,True,83.4,91.9,False,4036.72,3.4,False,False,42,10,1.14,4088.22,True
35,7751.T,CANON INC,ASIA,Technology,Computer Hardware,Japan,JPY,4554.0,1.0,script-v2.0,1.0,2026-07-30T10:15:54.709418+02:00,63.4,68.5,92,48,0,1,48,seguimiento,seguimiento,Sin señales de recuperación,True,pass,pendiente,0,desconocido,Pendiente de implementar,ausente,dividend_maintained (baja): Dividendo actual 3.51% con caída del 9.5%,razonable,seguimiento,4211.97,4290.16,4211.97 - 4290.16,4278.05,4377.61,4278.05 - 4377.61,Pérdida del soporte en 4211.97 | ROE negativo durante 2 trimestres consecutivos | Ampliación de capital dilutiva | Recorte de rating a bono basura,6-12,"CANON INC está un 9.5% por debajo de su máximo 52s. Fundamentalmente sólida con ROE 10.4%, deuda neta/EBITDA 0.7x. Técnicamente 🟢 Volumen creciente, 🟢 base_pattern_detected. Clasificación: seguimiento.","CANON INC está un 9.5% por debajo de su máximo 52s. Fundamentalmente sólida con ROE 10.4%, deuda neta/EBITDA 0.7x. Técnicamente 🟢 Volumen creciente, 🟢 base_pattern_detected. Clasificación: seguimiento.",🟢 Volumen creciente | 🟢 base_pattern_detected | 🟡 trendline_break,3.51,11,20,False,43.6,0.34,4294432.0,525887012864.0,0.72,13.6,,47.8,,,10.4,3867889.0,12.4,1.11,6.42,9.5,8.1,4.0,57.7,False,False,20.8725,False,57.2,58.1,False,4380.09,4.0,True,True,30,18,1.59,4211.97,True
36,RIO.L,RIO TINTO PLC ORD 10P,EUROSTOXX,Basic Materials,Other Industrial Metals & Mining,United Kingdom,GBp,7093.831,1.0,script-v2.0,1.0,2026-07-30T10:14:28.516543+02:00,62.9,71.5,95,51,0,1,37,seguimiento,seguimiento,Sin señales de recuperación,True,pass,pendiente,0,desconocido,Pendiente de implementar,ausente,dividend_maintained (baja): Dividendo actual 0.04% con caída del 22.2%,incompleto,seguimiento,7061.39,7093.83,7061.39 - 7093.83,6649.64,7749.45,6649.64 - 7749.45,Pérdida del soporte en 7061.39 | ROE negativo durante 2 trimestres consecutivos | Ampliación de capital dilutiva | Recorte de rating a bono basura,6-12,"RIO TINTO PLC ORD 10P está un 22.2% por debajo de su máximo 52s. Fundamentalmente sólida con ROE 16.4%, deuda neta/EBITDA 0.7x. Técnicamente 🟢 Divergencia alcista RSI, 🟢 Cerca de soporte. Clasificación: seguimiento.","RIO TINTO PLC ORD 10P está un 22.2% por debajo de su máximo 52s. Fundamentalmente sólida con ROE 16.4%, deuda neta/EBITDA 0.7x. Técnicamente 🟢 Divergencia alcista RSI, 🟢 Cerca de soporte. Clasificación: seguimiento.",🟢 Divergencia alcista RSI | 🟢 Cerca de soporte,0.04,11,20,False,60.5,0.35,2752477.0,14327999488.0,0.71,0.5,,28.1,,,16.4,115364.0,15.5,2.46,6.44,22.2,22.2,6.7,54.0,False,False,154.234,False,65.8,57.7,False,6710.64,5.7,False,False,37,0,0.73,7061.39,False
37,9021.T,WEST JAPAN RAILWAY CO,ASIA,Industrials,Railroads,Japan,JPY,3141.0,1.0,script-v2.0,1.0,2026-07-30T10:15:56.712728+02:00,61.2,63.9,82,48,0,4,53,seguimiento,seguimiento,Sin señales de recuperación,True,pass,pendiente,0,desconocido,Pendiente de implementar,ausente,eps_stabilization (media): EPS 277.73 vs 240.08 (annual_eps_fallback) | dividend_maintained (baja): Dividendo actual 3.10% con caída del 12.2%,razonable,seguimiento,2749.68,3128.66,2749.68 - 3128.66,3006.93,3040.45,3006.93 - 3040.45,Pérdida del soporte en 3128.66 | ROE negativo durante 2 trimestres consecutivos | Ampliación de capital dilutiva | Recorte de rating a bono basura,6-12,"WEST JAPAN RAILWAY CO está un 12.2% por debajo de su máximo 52s. Fundamentalmente sólida con ROE 10.2%, deuda neta/EBITDA 3.5x. Técnicamente 🟢 Divergencia alcista RSI, 🟢 Cerca de soporte. Clasificación: seguimiento.","WEST JAPAN RAILWAY CO está un 12.2% por debajo de su máximo 52s. Fundamentalmente sólida con ROE 10.2%, deuda neta/EBITDA 3.5x. Técnicamente 🟢 Divergencia alcista RSI, 🟢 Cerca de soporte. Clasificación: seguimiento.",🟢 Divergencia alcista RSI | 🟢 Cerca de soporte | 🟢 MACD semanal girando al alza | 🟡 trendline_break,3.1,11,20,False,35.1,1.15,3197154.0,1306392002560.0,3.48,5.3,,25.0,,,10.2,1429418.0,11.3,1.18,7.72,12.2,9.5,4.5,68.2,False,False,-35.9386,True,73.7,89.7,False,3000.79,4.7,False,True,37,16,0.8,3128.66,True
38,0016.HK,SHK PPT,ASIA,Real Estate,Real Estate - Development,Hong Kong,HKD,121.9,1.0,script-v2.0,1.0,2026-07-30T10:16:00.822832+02:00,60.7,65.3,85,48,0,1,47,seguimiento,seguimiento,Sin señales de recuperación,True,pass,pendiente,0,desconocido,Pendiente de implementar,ausente,dividend_maintained (baja): Dividendo actual 3.10% con caída del 18.1%,razonable,seguimiento,120.27,121.04,120.27 - 121.04,116.96,126.48,116.96 - 126.48,Pérdida del soporte en 120.27 | ROE negativo durante 2 trimestres consecutivos | Ampliación de capital dilutiva | Recorte de rating a bono basura,6-12,"SHK PPT está un 18.1% por debajo de su máximo 52s. Fundamentalmente sólida con ROE 3.7%, deuda neta/EBITDA 2.8x. Técnicamente 🟢 Divergencia alcista RSI, 🟢 Cerca de soporte. Clasificación: seguimiento.","SHK PPT está un 18.1% por debajo de su máximo 52s. Fundamentalmente sólida con ROE 3.7%, deuda neta/EBITDA 2.8x. Técnicamente 🟢 Divergencia alcista RSI, 🟢 Cerca de soporte. Clasificación: seguimiento.",🟢 Divergencia alcista RSI | 🟢 Cerca de soporte | 🟡 Apoyo en MA40 semanal,3.1,11,20,False,49.4,0.17,5958013.0,83541997568.0,2.84,,,37.5,,,3.7,353239.0,16.1,0.57,14.97,18.1,17.6,4.2,54.6,False,False,0.3697,False,55.8,55.1,False,119.55,2.0,False,False,42,5,0.8,120.27,False
39,1299.HK,AIA,ASIA,Financial Services,Insurance - Life,Hong Kong,HKD,79.65,1.0,script-v2.0,1.0,2026-07-30T10:16:07.732616+02:00,60.5,60.1,91,33,0,7,62,seguimiento,seguimiento,,True,pass,pendiente,0,desconocido,Pendiente de implementar,parcial,"eps_stabilization (media): EPS 0.62 vs 0.33 (annual_eps_fallback) | dividend_maintained (baja): Dividendo actual 2.42% con caída del 13.6% | analyst_upgrade (media): Target 104.26 vs precio 79.65 (+31%), recMean 1.30, recKey strong_buy",razonable,seguimiento,70.45,76.37,70.45 - 76.37,78.33,79.72,78.33 - 79.72,Pérdida del soporte en 70.45 | ROE negativo durante 2 trimestres consecutivos | Ampliación de capital dilutiva | Recorte de rating a bono basura,6-12,"AIA está un 13.6% por debajo de su máximo 52s. Fundamentalmente sólida con ROE 14.8%, deuda neta/EBITDA 1.2x. Técnicamente 🟢 Divergencia alcista RSI, 🟢 MACD semanal girando al alza. Clasificación: seguimiento.","AIA está un 13.6% por debajo de su máximo 52s. Fundamentalmente sólida con ROE 14.8%, deuda neta/EBITDA 1.2x. Técnicamente 🟢 Divergencia alcista RSI, 🟢 MACD semanal girando al alza. Clasificación: seguimiento.",🟢 Divergencia alcista RSI | 🟢 MACD semanal girando al alza | 🟡 Apoyo en MA40 semanal | 🟢 base_pattern_detected,2.42,11,16,False,38.9,0.47,35417862.0,11808999424.0,1.18,50.6,,43.9,,,14.8,820806.0,17.2,2.46,83.23,13.6,12.1,-0.1,65.1,False,False,-1.0383,True,94.9,90.6,False,80.3,-0.8,True,False,35,27,0.77,70.45,False
40,NG.L,NATIONAL GRID PLC ORD 12 204/47,EUROSTOXX,Utilities,Utilities - Regulated Electric,United Kingdom,GBp,1199.5,1.0,script-v2.0,1.0,2026-07-30T10:14:30.586623+02:00,59.1,60.5,69,53,0,4,55,seguimiento,seguimiento,Sin señales de recuperación,True,pass,pendiente,0,desconocido,Pendiente de implementar,ausente,eps_stabilization (media): EPS 0.66 vs 0.61 (annual_eps_fallback) | dividend_maintained (baja): Dividendo actual 0.04% con caída del 16.0%,razonable,seguimiento,1139.52,1199.5,1139.52 - 1199.50,1214.22,1229.57,1214.22 - 1229.57,Pérdida del soporte en 1139.52 | ROE negativo durante 2 trimestres consecutivos | Ampliación de capital dilutiva | Recorte de rating a bono basura,6-12,"NATIONAL GRID PLC ORD 12 204/47 está un 16.0% por debajo de su máximo 52s. Fundamentalmente sólida con ROE 8.4%, deuda neta/EBITDA 6.4x. Técnicamente 🟢 Divergencia alcista RSI, 🟡 Apoyo en MA40 semanal. Clasificación: seguimiento.","NATIONAL GRID PLC ORD 12 204/47 está un 16.0% por debajo de su máximo 52s. Fundamentalmente sólida con ROE 8.4%, deuda neta/EBITDA 6.4x. Técnicamente 🟢 Divergencia alcista RSI, 🟡 Apoyo en MA40 semanal. Clasificación: seguimiento.",🟢 Divergencia alcista RSI | 🟡 Apoyo en MA40 semanal | 🟢 base_pattern_detected,0.04,11,20,False,72.1,1.21,13282276.0,44877001984.0,6.39,0.3,,100.0,,,8.4,60296.0,18.2,1.52,14.84,16.0,16.0,-2.4,41.7,False,False,0.4401,False,19.3,24.5,False,1234.32,-2.8,True,False,38,17,0.6,,False
41,SSE.L,SSE PLC ORD 50P,EUROSTOXX,Utilities,Utilities - Diversified,United Kingdom,GBp,2332.0,1.0,script-v2.0,1.0,2026-07-30T10:14:30.968783+02:00,59.1,60.5,84,40,0,6,55,seguimiento,seguimiento,,True,pass,pendiente,0,desconocido,Pendiente de implementar,parcial,debt_reduction (alta): Deuda 10170.4M vs 10467.9M | dividend_maintained (baja): Dividendo actual 0.03% con caída del 15.7%,razonable,seguimiento,2215.4,2332.0,2215.40 - 2332.00,2352.38,2372.02,2352.38 - 2372.02,Pérdida del soporte en 2215.40 | ROE negativo durante 2 trimestres consecutivos | Ampliación de capital dilutiva | Recorte de rating a bono basura,6-12,"SSE PLC ORD 50P está un 15.7% por debajo de su máximo 52s. Fundamentalmente sólida con ROE 9.7%, deuda neta/EBITDA 3.2x. Técnicamente 🟢 Divergencia alcista RSI, 🟡 Apoyo en MA40 semanal. Clasificación: seguimiento.","SSE PLC ORD 50P está un 15.7% por debajo de su máximo 52s. Fundamentalmente sólida con ROE 9.7%, deuda neta/EBITDA 3.2x. Técnicamente 🟢 Divergencia alcista RSI, 🟡 Apoyo en MA40 semanal. Clasificación: seguimiento.",🟢 Divergencia alcista RSI | 🟡 Apoyo en MA40 semanal | 🟢 base_pattern_detected,0.03,11,20,False,,0.62,4022965.0,8627499776.0,3.17,-2.8,,37.1,,,9.7,28131.0,22.2,2.22,13.73,15.7,15.7,-1.7,39.8,False,False,16.976,False,41.6,48.0,False,2397.31,-2.7,True,False,38,17,0.43,,False
42,005930.KS,SamsungElec,ASIA,Technology,Consumer Electronics,South Korea,KRW,207000.0,1.0,script-v2.0,1.0,2026-07-30T10:16:08.310124+02:00,59.0,62.1,61,63,0,9,50,seguimiento,seguimiento,,True,pass,pendiente,0,desconocido,Pendiente de implementar,parcial,"margin_stabilization (media): Margen gross 61.2% vs 47.2% (+14.0 pp) | eps_stabilization (media): EPS 7056.00 vs 1801.00 (Diluted EPS) | analyst_upgrade (media): Target 488954.66 vs precio 207000.00 (+136%), recMean 1.35, recKey strong_buy",razonable,seguimiento,198200.0,207000.0,198200.00 - 207000.00,191977.31,318325.0,191977.31 - 318325.00,Pérdida del soporte en 198200.00 | ROE negativo durante 2 trimestres consecutivos | Ampliación de capital dilutiva | Recorte de rating a bono basura,18-24,"SamsungElec está un 44.7% por debajo de su máximo 52s. Fundamentalmente sólida con ROE 18.9%, deuda neta/EBITDA -0.8x. Técnicamente 🔵 RSI en sobreventa, 🟢 Volumen creciente. Clasificación: seguimiento.","SamsungElec está un 44.7% por debajo de su máximo 52s. Fundamentalmente sólida con ROE 18.9%, deuda neta/EBITDA -0.8x. Técnicamente 🔵 RSI en sobreventa, 🟢 Volumen creciente. Clasificación: seguimiento.",🔵 RSI en sobreventa | 🟢 Volumen creciente | 🟢 Cerca de soporte,0.0,11,20,False,,5.78,32049096.0,-119239283310592.0,-0.85,11.5,gross,47.7,45.4,2.3,18.9,1359278632.0,3.2,,9.02,44.7,44.7,7.8,33.6,False,False,26303.8617,False,16.4,12.0,False,200043.29,3.5,False,False,50,0,1.67,198200.0,False
43,SHEL.L,SHELL PLC ORD EUR0.07,EUROSTOXX,Energy,Oil & Gas Integrated,United Kingdom,GBp,3368.5,1.0,script-v2.0,1.0,2026-07-30T10:14:23.488643+02:00,55.6,62.1,92,36,0,7,36,pendiente_confirmacion,pendiente_confirmacion,,True,pass,pendiente,0,desconocido,Pendiente de implementar,parcial,margin_stabilization (media): Margen gross 19.3% vs 11.4% (+7.9 pp) | eps_stabilization (media): EPS 1.00 vs 0.71 (Diluted EPS) | dividend_maintained (baja): Dividendo actual 0.03% con caída del 10.4%,incompleto,pendiente_confirmacion,3122.91,3166.42,3122.91 - 3166.42,3013.19,3194.72,3013.19 - 3194.72,Pérdida del soporte en 3166.42 | ROE negativo durante 2 trimestres consecutivos | Ampliación de capital dilutiva | Recorte de rating a bono basura,6-12,"SHELL PLC ORD EUR0.07 está un 10.4% por debajo de su máximo 52s. Fundamentalmente sólida con ROE 10.7%, deuda neta/EBITDA 1.1x. Técnicamente 🟢 Divergencia alcista RSI, 🟢 base_pattern_detected. Clasificación: pendiente_confirmacion.","SHELL PLC ORD EUR0.07 está un 10.4% por debajo de su máximo 52s. Fundamentalmente sólida con ROE 10.7%, deuda neta/EBITDA 1.1x. Técnicamente 🟢 Divergencia alcista RSI, 🟢 base_pattern_detected. Clasificación: pendiente_confirmacion.",🟢 Divergencia alcista RSI | 🟢 base_pattern_detected,0.03,11,20,False,45.0,0.43,9534986.0,52528001024.0,1.07,0.0,gross,25.9,15.6,10.2,10.7,186399.0,13.9,1.47,4.9,10.4,10.4,11.8,66.8,False,False,57.7216,False,98.0,90.1,False,3030.66,11.1,True,False,24,12,0.48,3166.42,True
44,RACE.MI,FERRARI,EUROSTOXX,Consumer Cyclical,Auto Manufacturers,Italy,EUR,335.5,1.0,script-v2.0,1.0,2026-07-30T10:14:13.840926+02:00,55.5,61.1,100,27,0,7,39,pendiente_confirmacion,pendiente_confirmacion,,False,pass,pendiente,0,desconocido,Pendiente de implementar,parcial,margin_stabilization (media): Margen gross 51.8% vs 51.9% (-0.1 pp) | eps_stabilization (media): EPS 2.33 vs 2.14 (Diluted EPS) | dividend_maintained (baja): Dividendo actual 1.08% con caída del 23.8%,incompleto,pendiente_confirmacion,292.59,315.95,292.59 - 315.95,310.63,374.43,310.63 - 374.43,Pérdida del soporte en 292.59 | ROE negativo durante 2 trimestres consecutivos | Ampliación de capital dilutiva | Recorte de rating a bono basura,6-12,"FERRARI está un 23.8% por debajo de su máximo 52s. Fundamentalmente sólida con ROE 42.0%, deuda neta/EBITDA 0.5x. Técnicamente 🟡 MACD convergiendo, 🟢 base_pattern_detected. Clasificación: pendiente_confirmacion.","FERRARI está un 23.8% por debajo de su máximo 52s. Fundamentalmente sólida con ROE 42.0%, deuda neta/EBITDA 0.5x. Técnicamente 🟡 MACD convergiendo, 🟢 base_pattern_detected. Clasificación: pendiente_confirmacion.",🟡 MACD convergiendo | 🟢 base_pattern_detected | 🟡 trendline_break,1.08,11,11,False,33.2,0.72,586489.0,1112586880.0,0.46,1.6,gross,51.6,51.6,0.0,42.0,58991.0,37.4,14.63,25.27,23.8,30.6,8.0,57.6,False,True,2.9981,False,79.5,85.6,False,309.6,8.4,True,True,21,18,0.89,292.59,True
45,SCG.AX,SCENTRE STAPLED [SCG],ASX,Real Estate,REIT - Retail,Australia,AUD,3.9,1.0,script-v2.0,1.0,2026-07-30T10:15:42.410355+02:00,55.1,60.5,85,39,0,9,39,pendiente_confirmacion,pendiente_confirmacion,,True,pass,pendiente,0,desconocido,Pendiente de implementar,parcial,eps_stabilization (media): EPS 0.34 vs 0.20 (annual_eps_fallback) | debt_reduction (alta): Deuda 15100.5M vs 16774.4M | dividend_maintained (baja): Dividendo actual 4.62% con caída del 8.7%,incompleto,pendiente_confirmacion,3.66,3.84,3.66 - 3.84,3.63,3.84,3.63 - 3.84,Pérdida del soporte en 3.66 | ROE negativo durante 2 trimestres consecutivos | Ampliación de capital dilutiva | Recorte de rating a bono basura,6-12,"SCENTRE STAPLED [SCG] está un 8.7% por debajo de su máximo 52s. Fundamentalmente sólida con ROE 9.6%, deuda neta/EBITDA 5.9x. Técnicamente 🟡 Apoyo en MA40 semanal, 🟢 base_pattern_detected. Clasificación: pendiente_confirmacion.","SCENTRE STAPLED [SCG] está un 8.7% por debajo de su máximo 52s. Fundamentalmente sólida con ROE 9.6%, deuda neta/EBITDA 5.9x. Técnicamente 🟡 Apoyo en MA40 semanal, 🟢 base_pattern_detected. Clasificación: pendiente_confirmacion.",🟡 Apoyo en MA40 semanal | 🟢 base_pattern_detected | 🟡 trendline_break,4.62,11,16,False,51.2,0.79,12679661.0,14471099968.0,5.87,-10.0,,71.2,,,9.6,20370.0,11.5,1.08,14.14,8.7,6.6,1.6,51.7,False,False,0.0363,False,35.3,58.6,False,3.83,1.8,True,True,16,23,0.99,3.66,True
46,HEN3.DE,Henkel AG & Co. KGaA          I,EUROSTOXX,Consumer Defensive,Household & Personal Products,Germany,EUR,76.9,1.0,script-v2.0,1.0,2026-07-30T10:13:38.372252+02:00,54.5,60.7,97,29,0,9,36,pendiente_confirmacion,pendiente_confirmacion,,False,pass,pendiente,0,desconocido,Pendiente de implementar,parcial,eps_stabilization (media): EPS 4.92 vs 4.80 (annual_eps_fallback) | debt_reduction (alta): Deuda 3708.0M vs 3711.0M | dividend_maintained (baja): Dividendo actual 2.69% con caída del 8.7%,incompleto,pendiente_confirmacion,71.37,73.15,71.37 - 73.15,69.37,71.57,69.37 - 71.57,Pérdida del soporte en 73.15 | ROE negativo durante 2 trimestres consecutivos | Ampliación de capital dilutiva | Recorte de rating a bono basura,6-12,"Henkel AG & Co. KGaA          I está un 8.7% por debajo de su máximo 52s. Fundamentalmente sólida con ROE 9.7%, deuda neta/EBITDA 0.2x. Técnicamente 🟡 MACD convergiendo, 🟢 Cerca de soporte. Clasificación: pendiente_confirmacion.","Henkel AG & Co. KGaA          I está un 8.7% por debajo de su máximo 52s. Fundamentalmente sólida con ROE 9.7%, deuda neta/EBITDA 0.2x. Técnicamente 🟡 MACD convergiendo, 🟢 Cerca de soporte. Clasificación: pendiente_confirmacion.",🟡 MACD convergiendo | 🟢 Cerca de soporte | 🟡 trendline_break,2.69,11,20,False,41.5,0.18,442014.0,568999936.0,0.18,-0.1,,50.8,,,9.7,31133.0,15.6,1.53,9.79,8.7,7.5,10.9,67.2,False,True,1.811,False,96.1,91.8,False,69.54,10.6,False,True,30,6,0.79,73.15,True
47,051910.KS,LGCHEM,ASIA,Basic Materials,Chemicals,South Korea,KRW,245500.0,1.0,script-v2.0,1.0,2026-07-30T10:16:09.787174+02:00,54.5,59.0,51,66,0,7,41,pendiente_confirmacion,pendiente_confirmacion,,True,pass,pendiente,0,desconocido,Pendiente de implementar,parcial,"margin_stabilization (media): Margen gross 18.9% vs 13.4% (+5.5 pp) | dividend_maintained (baja): Dividendo actual 0.81% con caída del 43.9% | analyst_upgrade (media): Target 425600.00 vs precio 245500.00 (+73%), recMean 1.72, recKey buy",incompleto,pendiente_confirmacion,233225.0,245500.0,233225.00 - 245500.00,338311.23,371875.0,338311.23 - 371875.00,Pérdida del soporte en 233225.00 | ROE negativo durante 2 trimestres consecutivos | Ampliación de capital dilutiva | Recorte de rating a bono basura,18-24,"LGCHEM está un 43.9% por debajo de su máximo 52s. Fundamentalmente aceptable con ROE -5.9%, deuda neta/EBITDA 5.7x. Técnicamente con señales incipientes pero confirmación incompleta. Clasificación: pendiente_confirmacion.","LGCHEM está un 43.9% por debajo de su máximo 52s. Fundamentalmente aceptable con ROE -5.9%, deuda neta/EBITDA 5.7x. Técnicamente con señales incipientes pero confirmación incompleta. Clasificación: pendiente_confirmacion.",,0.81,10,2,True,,0.74,324714.0,26000248274944.0,5.68,5.5,gross,16.8,17.6,-0.8,-5.9,19216537.0,10.7,,12.55,43.9,43.9,-27.4,40.0,False,False,-20404.5428,False,38.7,21.1,False,337944.84,-27.4,False,False,41,0,1.24,,False
48,PFE,"Pfizer, Inc.",SP500,Healthcare,Drug Manufacturers - General,United States,USD,25.15,1.0,script-v2.0,1.0,2026-07-30T10:15:08.499572+02:00,54.1,57.9,84,35,0,7,43,pendiente_confirmacion,pendiente_confirmacion,,True,pass,pendiente,0,desconocido,Pendiente de implementar,parcial,margin_stabilization (media): Margen gross 75.4% vs 70.0% (+5.5 pp) | eps_stabilization (media): EPS 0.47 vs -0.29 (Diluted EPS) | dividend_maintained (baja): Dividendo actual 6.84% con caída del 12.5%,incompleto,pendiente_confirmacion,23.21,24.71,23.21 - 24.71,24.44,24.91,24.44 - 24.91,Pérdida del soporte en 23.21 | ROE negativo durante 2 trimestres consecutivos | Ampliación de capital dilutiva | Recorte de rating a bono basura,6-12,"Pfizer, Inc. está un 12.5% por debajo de su máximo 52s. Fundamentalmente aceptable con ROE 8.3%, deuda neta/EBITDA 2.0x. Técnicamente 🟢 Divergencia alcista RSI, 🟢 MACD semanal girando al alza. Clasificación: pendiente_confirmacion.","Pfizer, Inc. está un 12.5% por debajo de su máximo 52s. Fundamentalmente aceptable con ROE 8.3%, deuda neta/EBITDA 2.0x. Técnicamente 🟢 Divergencia alcista RSI, 🟢 MACD semanal girando al alza. Clasificación: pendiente_confirmacion.",🟢 Divergencia alcista RSI | 🟢 MACD semanal girando al alza | 🟡 Apoyo en MA40 semanal,6.84,11,20,False,131.3,0.72,41159616.0,51650000896.0,2.03,1.2,gross,74.8,73.6,1.2,8.3,143341.0,19.2,1.59,7.67,12.5,9.5,1.0,59.9,False,False,-0.1429,True,80.7,78.8,False,25.07,0.3,False,False,28,15,0.99,23.21,False
49,9433.T,KDDI CORPORATION,ASIA,Communication Services,Telecom Services,Japan,JPY,3051.0,1.0,script-v2.0,1.0,2026-07-30T10:15:48.233213+02:00,53.4,56.9,99,20,0,9,43,pendiente_confirmacion,pendiente_confirmacion,,False,pass,pendiente,0,desconocido,Pendiente de implementar,parcial,eps_stabilization (media): EPS 183.55 vs 169.28 (annual_eps_fallback) | debt_reduction (alta): Deuda 5375349.8M vs 5397863.0M | dividend_maintained (baja): Dividendo actual 2.75% con caída del 2.2%,incompleto,pendiente_confirmacion,2762.88,2820.0,2762.88 - 2820.00,2638.08,2652.85,2638.08 - 2652.85,Pérdida del soporte en 2820.00 | ROE negativo durante 2 trimestres consecutivos | Ampliación de capital dilutiva | Recorte de rating a bono basura,6-12,"KDDI CORPORATION está un 2.2% por debajo de su máximo 52s. Fundamentalmente aceptable con ROE 14.0%, deuda neta/EBITDA 2.5x. Técnicamente 🟢 Volumen creciente, 🟢 base_pattern_detected. Clasificación: pendiente_confirmacion.","KDDI CORPORATION está un 2.2% por debajo de su máximo 52s. Fundamentalmente aceptable con ROE 14.0%, deuda neta/EBITDA 2.5x. Técnicamente 🟢 Volumen creciente, 🟢 base_pattern_detected. Clasificación: pendiente_confirmacion.",🟢 Volumen creciente | 🟢 base_pattern_detected | 🟡 trendline_break,2.75,11,20,False,43.6,0.96,9335954.0,4296542781440.0,2.46,-0.4,,42.7,,,14.0,11616191.0,16.6,2.29,9.53,2.2,2.2,15.7,71.8,False,False,82.7259,False,79.6,88.0,False,2668.12,14.4,True,True,25,18,1.36,2820.0,True
50,EOAN.DE,E.ON SE                       N,EUROSTOXX,Utilities,Utilities - Diversified,Germany,EUR,18.965,1.0,script-v2.0,1.0,2026-07-30T10:13:36.216961+02:00,53.0,60.7,97,29,0,4,30,seguimiento,seguimiento,Sin señales de recuperación,False,pass,pendiente,0,desconocido,Pendiente de implementar,ausente,eps_stabilization (media): EPS 0.85 vs -0.02 (Diluted EPS) | dividend_maintained (baja): Dividendo actual 3.01% con caída del 7.0%,incompleto,seguimiento,17.9,18.54,17.90 - 18.54,17.33,17.4,17.33 - 17.40,Pérdida del soporte en 17.90 | ROE negativo durante 2 trimestres consecutivos | Ampliación de capital dilutiva | Recorte de rating a bono basura,6-12,"E.ON SE                       N está un 7.0% por debajo de su máximo 52s. Fundamentalmente sólida con ROE 15.4%, deuda neta/EBITDA 3.9x. Técnicamente 🟢 base_pattern_detected, 🟡 trendline_break. Clasificación: seguimiento.","E.ON SE                       N está un 7.0% por debajo de su máximo 52s. Fundamentalmente sólida con ROE 15.4%, deuda neta/EBITDA 3.9x. Técnicamente 🟢 base_pattern_detected, 🟡 trendline_break. Clasificación: seguimiento.",🟢 base_pattern_detected | 🟡 trendline_break,3.01,11,20,False,42.0,1.5,4109734.0,37822000640.0,3.92,,gross,27.8,28.7,-0.9,15.4,49557.0,14.5,2.27,9.71,7.0,4.2,9.0,50.3,False,False,0.5425,False,26.2,28.0,False,17.51,8.3,True,True,12,18,0.58,17.9,True
51,BATS.L,BRITISH AMERICAN TOBACCO PLC OR,EUROSTOXX,Consumer Defensive,Tobacco,United Kingdom,GBp,4734.5,1.0,script-v2.0,1.0,2026-07-30T10:14:33.023415+02:00,51.7,57.9,91,29,0,9,33,pendiente_confirmacion,pendiente_confirmacion,,False,pass,pendiente,0,desconocido,Pendiente de implementar,parcial,eps_stabilization (media): EPS 3.49 vs 1.36 (annual_eps_fallback) | debt_reduction (alta): Deuda 35070.0M vs 35208.0M | dividend_maintained (baja): Dividendo actual 0.05% con caída del 11.8%,incompleto,pendiente_confirmacion,4254.29,4584.56,4254.29 - 4584.56,4363.52,4562.8,4363.52 - 4562.80,Pérdida del soporte en 4254.29 | ROE negativo durante 2 trimestres consecutivos | Ampliación de capital dilutiva | Recorte de rating a bono basura,6-12,"BRITISH AMERICAN TOBACCO PLC OR está un 11.8% por debajo de su máximo 52s. Fundamentalmente aceptable con ROE 15.8%, deuda neta/EBITDA 2.7x. Técnicamente 🟢 base_pattern_detected, 🟡 trendline_break. Clasificación: pendiente_confirmacion.","BRITISH AMERICAN TOBACCO PLC OR está un 11.8% por debajo de su máximo 52s. Fundamentalmente aceptable con ROE 15.8%, deuda neta/EBITDA 2.7x. Técnicamente 🟢 base_pattern_detected, 🟡 trendline_break. Clasificación: pendiente_confirmacion.",🟢 base_pattern_detected | 🟡 trendline_break,0.05,11,20,False,68.8,0.73,3653744.0,31227001088.0,2.66,-0.4,,82.7,,,15.8,102120.0,13.6,2.24,11.44,11.8,11.8,8.5,59.2,False,False,100.788,False,59.8,54.8,False,4397.59,7.7,True,True,15,18,0.9,4254.29,False
52,CS.PA,AXA,EUROSTOXX,Financial Services,Insurance - Diversified,France,EUR,45.44,1.0,script-v2.0,1.0,2026-07-30T10:13:49.510399+02:00,50.9,54.2,99,15,0,9,41,pendiente_confirmacion,pendiente_confirmacion,,False,pass,pendiente,0,desconocido,Pendiente de implementar,parcial,eps_stabilization (media): EPS 4.77 vs 3.63 (annual_eps_fallback) | debt_reduction (alta): Deuda 60343.0M vs 76318.0M | dividend_maintained (baja): Dividendo actual 5.11% con caída del 0.4%,incompleto,pendiente_confirmacion,42.56,43.64,42.56 - 43.64,38.64,38.79,38.64 - 38.79,Pérdida del soporte en 43.64 | ROE negativo durante 2 trimestres consecutivos | Ampliación de capital dilutiva | Recorte de rating a bono basura,6-12,"AXA está un 0.4% por debajo de su máximo 52s. Fundamentalmente aceptable con ROE 13.4%, deuda neta/EBITDA -0.7x. Técnicamente 🟡 MACD convergiendo, 🟢 Cerca de soporte. Clasificación: pendiente_confirmacion.","AXA está un 0.4% por debajo de su máximo 52s. Fundamentalmente aceptable con ROE 13.4%, deuda neta/EBITDA -0.7x. Técnicamente 🟡 MACD convergiendo, 🟢 Cerca de soporte. Clasificación: pendiente_confirmacion.",🟡 MACD convergiendo | 🟢 Cerca de soporte | 🟡 trendline_break,5.11,11,20,False,62.9,1.14,3394564.0,-8711995392.0,-0.73,-20.9,,14.5,,,13.4,92443.0,13.3,1.98,7.5,0.4,0.4,17.6,73.4,False,True,1.9581,False,90.0,91.2,False,38.79,17.1,False,True,35,6,1.02,43.64,True
53,0002.HK,CLP HOLDINGS,ASIA,Utilities,Utilities - Regulated Electric,Hong Kong,HKD,78.05,1.0,script-v2.0,1.0,2026-07-30T10:16:01.492122+02:00,50.8,59.3,94,29,0,6,25,pendiente_confirmacion,pendiente_confirmacion,,False,pass,pendiente,0,desconocido,Pendiente de implementar,parcial,debt_reduction (alta): Deuda 63065.0M vs 65558.0M | dividend_maintained (baja): Dividendo actual 4.10% con caída del 0.5%,incompleto,pendiente_confirmacion,72.88,75.11,72.88 - 75.11,66.68,71.25,66.68 - 71.25,Pérdida del soporte en 72.88 | ROE negativo durante 2 trimestres consecutivos | Ampliación de capital dilutiva | Recorte de rating a bono basura,6-12,"CLP HOLDINGS está un 0.5% por debajo de su máximo 52s. Fundamentalmente aceptable con ROE 10.1%, deuda neta/EBITDA 2.5x. Técnicamente 🟡 trendline_break. Clasificación: pendiente_confirmacion.","CLP HOLDINGS está un 0.5% por debajo de su máximo 52s. Fundamentalmente aceptable con ROE 10.1%, deuda neta/EBITDA 2.5x. Técnicamente 🟡 trendline_break. Clasificación: pendiente_confirmacion.",🟡 trendline_break,4.1,11,20,False,,0.54,3296447.0,56694002176.0,2.46,-3.8,,33.5,,,10.1,197189.0,18.9,1.83,11.27,0.5,0.5,9.5,65.7,False,False,1.7644,False,86.4,90.7,False,72.11,8.2,False,True,19,6,1.06,72.88,True
54,TXN,Texas Instruments Incorporated,SP500,Technology,Semiconductors,United States,USD,271.3,1.0,script-v2.0,1.0,2026-07-30T10:15:28.024201+02:00,49.8,51.7,97,12,0,7,44,pendiente_confirmacion,pendiente_confirmacion,,False,pass,pendiente,0,desconocido,Pendiente de implementar,parcial,margin_stabilization (media): Margen gross 61.4% vs 58.0% (+3.3 pp) | eps_stabilization (media): EPS 2.14 vs 1.68 (Diluted EPS) | dividend_maintained (baja): Dividendo actual 2.07% con caída del 18.8%,incompleto,pendiente_confirmacion,262.9,271.3,262.90 - 271.30,224.27,283.93,224.27 - 283.93,Pérdida del soporte en 262.90 | ROE negativo durante 2 trimestres consecutivos | Ampliación de capital dilutiva | Recorte de rating a bono basura,6-12,"Texas Instruments Incorporated está un 18.8% por debajo de su máximo 52s. Fundamentalmente aceptable con ROE 35.2%, deuda neta/EBITDA 0.7x. Técnicamente 🟢 Cerca de soporte, 🟢 base_pattern_detected. Clasificación: pendiente_confirmacion.","Texas Instruments Incorporated está un 18.8% por debajo de su máximo 52s. Fundamentalmente aceptable con ROE 35.2%, deuda neta/EBITDA 0.7x. Técnicamente 🟢 Cerca de soporte, 🟢 base_pattern_detected. Clasificación: pendiente_confirmacion.",🟢 Cerca de soporte | 🟢 base_pattern_detected,2.07,11,20,False,,0.78,8804577.0,7050999808.0,0.74,0.0,gross,58.3,58.2,0.2,35.2,247764.0,42.2,13.76,26.77,18.8,18.8,21.0,38.3,False,False,21.5375,False,5.8,9.4,False,228.22,18.9,True,False,32,12,1.26,262.9,False
55,NESTE.HE,Neste Corporation,EUROSTOXX,Energy,Oil & Gas Refining & Marketing,Finland,EUR,30.79,1.0,script-v2.0,1.0,2026-07-30T10:14:19.371632+02:00,48.9,55.2,100,16,0,12,30,pendiente_confirmacion,pendiente_confirmacion,,False,pass,pendiente,0,desconocido,Pendiente de implementar,confirmada,margin_stabilization (media): Margen gross 21.4% vs 19.4% (+2.0 pp) | eps_stabilization (media): EPS 0.99 vs 0.69 (Diluted EPS) | debt_reduction (alta): Deuda 4698.0M vs 5207.0M | dividend_maintained (baja): Dividendo actual 0.65% con caída del 9.6%,incompleto,pendiente_confirmacion,26.58,28.95,26.58 - 28.95,23.46,28.95,23.46 - 28.95,Pérdida del soporte en 26.58 | ROE negativo durante 2 trimestres consecutivos | Ampliación de capital dilutiva | Recorte de rating a bono basura,6-12,"Neste Corporation está un 9.6% por debajo de su máximo 52s. Fundamentalmente aceptable con ROE 19.4%, deuda neta/EBITDA 1.3x. Técnicamente 🟢 base_pattern_detected, 🟡 trendline_break. Clasificación: pendiente_confirmacion.","Neste Corporation está un 9.6% por debajo de su máximo 52s. Fundamentalmente aceptable con ROE 19.4%, deuda neta/EBITDA 1.3x. Técnicamente 🟢 base_pattern_detected, 🟡 trendline_break. Clasificación: pendiente_confirmacion.",🟢 base_pattern_detected | 🟡 trendline_break,0.65,11,20,False,10.1,0.56,1158969.0,3612999936.0,1.33,-9.8,gross,20.0,15.0,5.0,19.4,23655.0,15.6,2.8,9.94,9.6,9.6,31.3,53.0,False,False,2.3608,False,33.4,29.4,False,24.02,28.2,True,True,12,18,0.75,26.58,True
56,TGT,Target Corporation,SP500,Consumer Defensive,Discount Stores,United States,USD,145.9,1.0,script-v2.0,1.0,2026-07-30T10:14:49.378527+02:00,46.7,50.3,94,12,0,9,36,pendiente_confirmacion,pendiente_confirmacion,,False,pass,pendiente,0,desconocido,Pendiente de implementar,parcial,margin_stabilization (media): Margen gross 29.0% vs 26.6% (+2.4 pp) | debt_reduction (alta): Deuda 19272.0M vs 20290.0M | dividend_maintained (baja): Dividendo actual 3.18% con caída del 1.3%,incompleto,pendiente_confirmacion,131.84,132.55,131.84 - 132.55,112.45,125.6,112.45 - 125.60,Pérdida del soporte en 132.55 | ROE negativo durante 2 trimestres consecutivos | Ampliación de capital dilutiva | Recorte de rating a bono basura,6-12,"Target Corporation está un 1.3% por debajo de su máximo 52s. Fundamentalmente aceptable con ROE 22.0%, deuda neta/EBITDA 1.9x. Técnicamente 🟢 Cruce alcista MACD, 🟡 trendline_break. Clasificación: pendiente_confirmacion.","Target Corporation está un 1.3% por debajo de su máximo 52s. Fundamentalmente aceptable con ROE 22.0%, deuda neta/EBITDA 1.9x. Técnicamente 🟢 Cruce alcista MACD, 🟡 trendline_break. Clasificación: pendiente_confirmacion.",🟢 Cruce alcista MACD | 🟡 trendline_break,3.18,11,20,False,60.0,1.18,4920158.0,15737999360.0,1.89,-5.0,gross,28.1,28.2,-0.1,22.0,66266.0,19.0,4.04,9.83,1.3,6.5,29.7,67.0,True,False,8.2095,False,87.7,83.7,False,115.04,26.8,False,True,30,6,0.94,132.55,True
57,CB,Chubb Limited,SP500,Financial Services,Insurance - Property & Casualty,Switzerland,USD,361.9,1.0,script-v2.0,1.0,2026-07-30T10:14:50.584711+02:00,45.5,48.7,86,16,0,7,36,pendiente_confirmacion,pendiente_confirmacion,,False,pass,pendiente,0,desconocido,Pendiente de implementar,parcial,margin_stabilization (media): Margen operating 24.0% vs 21.5% (+2.4 pp) | eps_stabilization (media): EPS 7.30 vs 5.88 (Diluted EPS) | dividend_maintained (baja): Dividendo actual 1.13% con caída del 1.1%,incompleto,pendiente_confirmacion,322.56,336.59,322.56 - 336.59,311.02,316.59,311.02 - 316.59,Pérdida del soporte en 322.56 | ROE negativo durante 2 trimestres consecutivos | Ampliación de capital dilutiva | Recorte de rating a bono basura,6-12,"Chubb Limited está un 1.1% por debajo de su máximo 52s. Fundamentalmente aceptable con ROE 14.8%, deuda neta/EBITDA 0.8x. Técnicamente 🟢 Cruce alcista MACD, 🟡 trendline_break. Clasificación: pendiente_confirmacion.","Chubb Limited está un 1.1% por debajo de su máximo 52s. Fundamentalmente aceptable con ROE 14.8%, deuda neta/EBITDA 0.8x. Técnicamente 🟢 Cruce alcista MACD, 🟡 trendline_break. Clasificación: pendiente_confirmacion.",🟢 Cruce alcista MACD | 🟡 trendline_break,1.13,11,20,False,13.9,0.25,1803874.0,12201000448.0,0.84,16.8,operating,23.5,24.2,-0.7,14.8,139621.0,12.9,1.85,10.82,1.1,1.1,14.3,60.5,True,False,12.197,False,87.4,90.2,False,320.34,13.0,False,True,30,6,0.91,322.56,True
58,PSA,Public Storage,SP500,Real Estate,REIT - Industrial,United States,USD,329.44,1.0,script-v2.0,1.0,2026-07-30T10:15:16.996764+02:00,45.2,46.7,100,0,0,9,41,pendiente_confirmacion,pendiente_confirmacion,,False,pass,pendiente,0,desconocido,Pendiente de implementar,parcial,eps_stabilization (media): EPS 0.54 vs 0.52 (Diluted EPS) | debt_reduction (alta): Deuda 10032.3M vs 10253.9M | dividend_maintained (baja): Dividendo actual 3.64% con caída del 1.8%,incompleto,pendiente_confirmacion,299.12,314.81,299.12 - 314.81,285.22,289.3,285.22 - 289.30,Pérdida del soporte en 299.12 | ROE negativo durante 2 trimestres consecutivos | Ampliación de capital dilutiva | Recorte de rating a bono basura,6-12,"Public Storage está un 1.8% por debajo de su máximo 52s. Fundamentalmente aceptable con ROE 20.2%, deuda neta/EBITDA 2.9x. Técnicamente 🟢 Cruce alcista MACD, 🟡 trendline_break. Clasificación: pendiente_confirmacion.","Public Storage está un 1.8% por debajo de su máximo 52s. Fundamentalmente aceptable con ROE 20.2%, deuda neta/EBITDA 2.9x. Técnicamente 🟢 Cruce alcista MACD, 🟡 trendline_break. Clasificación: pendiente_confirmacion.",🟢 Cruce alcista MACD | 🟡 trendline_break,3.64,11,20,False,,1.08,1030735.0,9897657248.0,2.88,-2.2,gross,74.8,72.9,1.9,20.2,61522.0,168.9,11.86,21.0,1.8,4.5,13.9,59.6,True,False,11.211,False,78.2,78.6,False,290.22,13.5,False,True,35,6,1.24,299.12,True
59,BP.L,BP PLC $0.25,EUROSTOXX,Energy,Oil & Gas Integrated,United Kingdom,GBp,544.7,1.0,script-v2.0,1.0,2026-07-30T10:14:24.496001+02:00,44.5,46.1,77,19,0,7,40,pendiente_confirmacion,pendiente_confirmacion,,False,pass,pendiente,0,desconocido,Pendiente de implementar,parcial,margin_stabilization (media): Margen gross 24.2% vs 16.2% (+8.0 pp) | eps_stabilization (media): EPS 0.25 vs -0.22 (Diluted EPS) | dividend_maintained (baja): Dividendo actual 0.06% con caída del 10.6%,incompleto,pendiente_confirmacion,514.09,532.08,514.09 - 532.08,493.05,517.99,493.05 - 517.99,Pérdida del soporte en 532.08 | ROE negativo durante 2 trimestres consecutivos | Ampliación de capital dilutiva | Recorte de rating a bono basura,6-12,"BP PLC $0.25 está un 10.6% por debajo de su máximo 52s. Fundamentalmente aceptable con ROE 5.8%, deuda neta/EBITDA 1.1x. Técnicamente 🟢 Cerca de soporte, 🟢 base_pattern_detected. Clasificación: pendiente_confirmacion.","BP PLC $0.25 está un 10.6% por debajo de su máximo 52s. Fundamentalmente aceptable con ROE 5.8%, deuda neta/EBITDA 1.1x. Técnicamente 🟢 Cerca de soporte, 🟢 base_pattern_detected. Clasificación: pendiente_confirmacion.",🟢 Cerca de soporte | 🟢 base_pattern_detected,0.06,11,20,False,,0.96,41725550.0,38415003648.0,1.12,2.3,gross,28.9,19.3,9.7,5.8,84160.0,34.0,2.0,4.17,10.6,10.6,10.5,61.0,False,False,8.4334,False,85.1,72.8,False,497.73,9.4,True,False,28,12,1.02,532.08,False
60,ENI.MI,ENI,EUROSTOXX,Energy,Oil & Gas Integrated,Italy,EUR,23.755,1.0,script-v2.0,1.0,2026-07-30T10:14:08.560005+02:00,43.0,45.3,80,15,0,7,36,pendiente_confirmacion,pendiente_confirmacion,,False,pass,pendiente,0,desconocido,Pendiente de implementar,parcial,margin_stabilization (media): Margen operating 3.2% vs -1.0% (+4.2 pp) | eps_stabilization (media): EPS 0.34 vs 0.01 (Diluted EPS) | dividend_maintained (baja): Dividendo actual 4.50% con caída del 5.0%,incompleto,pendiente_confirmacion,21.73,22.02,21.73 - 22.02,19.37,21.27,19.37 - 21.27,Pérdida del soporte en 21.73 | ROE negativo durante 2 trimestres consecutivos | Ampliación de capital dilutiva | Recorte de rating a bono basura,6-12,"ENI está un 5.0% por debajo de su máximo 52s. Fundamentalmente aceptable con ROE 5.9%, deuda neta/EBITDA 1.8x. Técnicamente 🟢 Divergencia alcista RSI, 🟢 base_pattern_detected. Clasificación: pendiente_confirmacion.","ENI está un 5.0% por debajo de su máximo 52s. Fundamentalmente aceptable con ROE 5.9%, deuda neta/EBITDA 1.8x. Técnicamente 🟢 Divergencia alcista RSI, 🟢 base_pattern_detected. Clasificación: pendiente_confirmacion.",🟢 Divergencia alcista RSI | 🟢 base_pattern_detected,4.5,11,20,False,103.5,0.67,9914747.0,21786002432.0,1.81,6.9,operating,4.3,2.8,1.5,5.9,68830.0,23.8,1.64,7.63,5.0,3.9,22.6,66.1,False,False,0.9621,False,97.9,75.9,False,19.71,20.5,True,False,24,12,0.92,21.73,False
61,TEN.MI,TENARIS,EUROSTOXX,Energy,Oil & Gas Equipment & Services,Luxembourg,EUR,24.41,1.0,script-v2.0,1.0,2026-07-30T10:14:12.867423+02:00,42.2,44.7,74,19,0,7,35,pendiente_confirmacion,pendiente_confirmacion,,False,pass,pendiente,0,desconocido,Pendiente de implementar,parcial,margin_stabilization (media): Margen gross 33.9% vs 33.9% (-0.0 pp) | eps_stabilization (media): EPS 0.54 vs 0.44 (Diluted EPS) | dividend_maintained (baja): Dividendo actual 3.15% con caída del 12.3%,incompleto,pendiente_confirmacion,23.9,24.41,23.90 - 24.41,21.41,23.65,21.41 - 23.65,Pérdida del soporte en 23.90 | ROE negativo durante 2 trimestres consecutivos | Ampliación de capital dilutiva | Recorte de rating a bono basura,6-12,"TENARIS está un 12.3% por debajo de su máximo 52s. Fundamentalmente aceptable con ROE 11.6%, deuda neta/EBITDA -1.0x. Técnicamente 🟢 Cerca de soporte. Clasificación: pendiente_confirmacion.","TENARIS está un 12.3% por debajo de su máximo 52s. Fundamentalmente aceptable con ROE 11.6%, deuda neta/EBITDA -1.0x. Técnicamente 🟢 Cerca de soporte. Clasificación: pendiente_confirmacion.",🟢 Cerca de soporte,3.15,11,20,False,44.7,2.73,1516094.0,-2943971904.0,-1.04,5.5,gross,38.7,34.3,4.5,11.6,24645.0,14.6,1.64,7.84,12.3,12.3,14.0,44.0,False,False,1.1834,False,22.8,33.9,False,21.75,12.2,False,False,35,0,0.76,23.9,False
62,AAPL,Apple Inc.,SP500,Technology,Consumer Electronics,United States,USD,338.19,1.0,script-v2.0,1.0,2026-07-30T10:15:25.200461+02:00,41.2,46.7,100,0,0,9,25,pendiente_confirmacion,pendiente_confirmacion,,False,pass,pendiente,0,desconocido,Pendiente de implementar,parcial,margin_stabilization (media): Margen gross 49.3% vs 48.2% (+1.1 pp) | debt_reduction (alta): Deuda 84711.0M vs 90509.0M | dividend_maintained (baja): Dividendo actual 0.32% con caída del 1.9%,incompleto,pendiente_confirmacion,308.59,312.09,308.59 - 312.09,276.91,292.88,276.91 - 292.88,Pérdida del soporte en 312.09 | ROE negativo durante 2 trimestres consecutivos | Ampliación de capital dilutiva | Recorte de rating a bono basura,6-12,"Apple Inc. está un 1.9% por debajo de su máximo 52s. Fundamentalmente aceptable con ROE 141.5%, deuda neta/EBITDA 0.1x. Técnicamente 🟡 trendline_break. Clasificación: pendiente_confirmacion.","Apple Inc. está un 1.9% por debajo de su máximo 52s. Fundamentalmente aceptable con ROE 141.5%, deuda neta/EBITDA 0.1x. Técnicamente 🟡 trendline_break. Clasificación: pendiente_confirmacion.",🟡 trendline_break,0.32,11,15,False,12.6,0.8,55898341.0,16203997184.0,0.1,-6.4,gross,47.9,47.8,0.1,141.5,4967117.0,41.1,46.58,31.15,1.9,1.9,22.1,66.8,False,False,17.8413,False,80.5,88.1,False,279.41,21.0,False,True,19,6,1.06,312.09,True
63,EMR,Emerson Electric Company,SP500,Industrials,Specialty Industrial Machinery,United States,USD,145.73,1.0,script-v2.0,1.0,2026-07-30T10:14:43.489542+02:00,40.4,41.5,89,0,0,7,37,pendiente_confirmacion,pendiente_confirmacion,,False,pass,pendiente,0,desconocido,Pendiente de implementar,parcial,margin_stabilization (media): Margen gross 53.1% vs 53.2% (-0.1 pp) | eps_stabilization (media): EPS 1.10 vs 1.07 (Diluted EPS) | dividend_maintained (baja): Dividendo actual 1.52% con caída del 11.8%,incompleto,pendiente_confirmacion,134.85,141.18,134.85 - 141.18,138.65,140.38,138.65 - 140.38,Pérdida del soporte en 134.85 | ROE negativo durante 2 trimestres consecutivos | Ampliación de capital dilutiva | Recorte de rating a bono basura,6-12,"Emerson Electric Company está un 11.8% por debajo de su máximo 52s. Fundamentalmente aceptable con ROE 12.3%, deuda neta/EBITDA 2.1x. Técnicamente 🟢 base_pattern_detected, 🟡 trendline_break. Clasificación: pendiente_confirmacion.","Emerson Electric Company está un 11.8% por debajo de su máximo 52s. Fundamentalmente aceptable con ROE 12.3%, deuda neta/EBITDA 2.1x. Técnicamente 🟢 base_pattern_detected, 🟡 trendline_break. Clasificación: pendiente_confirmacion.",🟢 base_pattern_detected | 🟡 trendline_break,1.52,11,20,False,50.1,0.69,2851338.0,12265999872.0,2.09,1.0,gross,52.7,52.7,-0.0,12.3,81623.0,35.1,4.02,15.98,11.8,11.1,5.1,55.4,False,False,1.8746,False,65.7,85.2,False,139.28,4.6,True,True,19,18,1.22,134.85,True
64,C,"Citigroup, Inc.",SP500,Financial Services,Banks - Diversified,United States,USD,127.13,1.0,script-v2.0,1.0,2026-07-30T10:14:55.391196+02:00,40.4,44.9,71,22,0,7,27,pendiente_confirmacion,pendiente_confirmacion,,False,pass,pendiente,0,desconocido,Pendiente de implementar,parcial,"eps_stabilization (media): EPS 3.15 vs 3.06 (Diluted EPS) | dividend_maintained (baja): Dividendo actual 2.11% con caída del 14.1% | analyst_upgrade (media): Target 155.30 vs precio 127.13 (+22%), recMean 1.71, recKey buy",incompleto,pendiente_confirmacion,124.03,127.13,124.03 - 127.13,117.79,125.77,117.79 - 125.77,Pérdida del soporte en 124.03 | ROE negativo durante 2 trimestres consecutivos | Ampliación de capital dilutiva | Recorte de rating a bono basura,6-12,"Citigroup, Inc. está un 14.1% por debajo de su máximo 52s. Fundamentalmente aceptable con ROE 8.5%, dividendo 2.1%. Técnicamente 🟢 Cerca de soporte. Clasificación: pendiente_confirmacion.","Citigroup, Inc. está un 14.1% por debajo de su máximo 52s. Fundamentalmente aceptable con ROE 8.5%, dividendo 2.1%. Técnicamente 🟢 Cerca de soporte. Clasificación: pendiente_confirmacion.",🟢 Cerca de soporte,2.11,11,16,False,25.9,,12677756.0,-591570993152.0,,121.3,,0.0,,,8.5,213248.0,14.3,1.11,,14.1,14.1,7.9,35.9,False,False,6.1427,False,2.0,22.8,False,119.19,6.7,False,False,27,0,0.9,124.03,True
65,BAYN.DE,Bayer AG                      N,EUROSTOXX,Healthcare,Drug Manufacturers - General,Germany,EUR,48.13,1.0,script-v2.0,1.0,2026-07-30T10:13:34.164943+02:00,40.2,40.6,55,28,0,12,39,pendiente_confirmacion,pendiente_confirmacion,,False,pass,pendiente,0,desconocido,Pendiente de implementar,confirmada,margin_stabilization (media): Margen gross 61.0% vs 60.6% (+0.3 pp) | eps_stabilization (media): EPS 2.81 vs -0.98 (Diluted EPS) | debt_reduction (alta): Deuda 38887.0M vs 40697.0M | dividend_maintained (baja): Dividendo actual 0.23% con caída del 10.7%,incompleto,pendiente_confirmacion,42.76,45.68,42.76 - 45.68,38.42,45.83,38.42 - 45.83,Pérdida del soporte en 45.68 | ROE negativo durante 2 trimestres consecutivos | Ampliación de capital dilutiva | Recorte de rating a bono basura,6-12,"Bayer AG                      N está un 10.7% por debajo de su máximo 52s. Fundamentalmente aceptable con ROE -6.9%, deuda neta/EBITDA 3.2x. Técnicamente 🟡 MACD convergiendo, 🟢 base_pattern_detected. Clasificación: pendiente_confirmacion.","Bayer AG                      N está un 10.7% por debajo de su máximo 52s. Fundamentalmente aceptable con ROE -6.9%, deuda neta/EBITDA 3.2x. Técnicamente 🟡 MACD convergiendo, 🟢 base_pattern_detected. Clasificación: pendiente_confirmacion.",🟡 MACD convergiendo | 🟢 base_pattern_detected | 🟡 trendline_break,0.23,11,20,True,163.3,1.34,3075276.0,32226998272.0,3.17,-4.4,gross,59.9,59.1,0.8,-6.9,47284.0,10.2,1.64,7.8,10.7,10.7,25.3,57.5,False,True,3.0802,False,40.1,29.9,False,39.14,23.0,True,True,21,18,0.52,45.68,True
66,UNH,UnitedHealth Group Incorporated,SP500,Healthcare,Healthcare Plans,United States,USD,420.57,1.0,script-v2.0,1.0,2026-07-30T10:14:58.156648+02:00,39.6,43.9,94,0,0,12,27,pendiente_confirmacion,pendiente_confirmacion,,False,pass,pendiente,0,desconocido,Pendiente de implementar,confirmada,margin_stabilization (media): Margen gross 22.7% vs 16.3% (+6.4 pp) | eps_stabilization (media): EPS 6.90 vs 0.01 (Diluted EPS) | debt_reduction (alta): Deuda 73328.0M vs 78389.0M | dividend_maintained (baja): Dividendo actual 1.05% con caída del 8.9%,incompleto,pendiente_confirmacion,408.21,414.39,408.21 - 414.39,340.8,392.38,340.80 - 392.38,Pérdida del soporte en 414.39 | ROE negativo durante 2 trimestres consecutivos | Ampliación de capital dilutiva | Recorte de rating a bono basura,6-12,"UnitedHealth Group Incorporated está un 8.9% por debajo de su máximo 52s. Fundamentalmente aceptable con ROE 14.2%, deuda neta/EBITDA 1.7x. Técnicamente 🟢 Cerca de soporte, 🟡 trendline_break. Clasificación: pendiente_confirmacion.","UnitedHealth Group Incorporated está un 8.9% por debajo de su máximo 52s. Fundamentalmente aceptable con ROE 14.2%, deuda neta/EBITDA 1.7x. Técnicamente 🟢 Cerca de soporte, 🟡 trendline_break. Clasificación: pendiente_confirmacion.",🟢 Cerca de soporte | 🟡 trendline_break,1.05,11,20,False,,0.69,6521470.0,41860001792.0,1.73,-6.5,gross,19.5,18.8,0.7,14.2,381938.0,32.3,3.65,17.49,8.9,30.5,23.4,50.9,False,False,28.4815,False,16.4,20.0,False,342.15,22.9,False,True,21,6,0.92,414.39,True
67,SJM,The J.M. Smucker Company,SP500,Consumer Defensive,Packaged Foods,United States,USD,126.35,1.0,script-v2.0,1.0,2026-07-30T10:15:20.124196+02:00,39.3,44.1,66,25,0,12,25,pendiente_confirmacion,pendiente_confirmacion,,False,pass,pendiente,0,desconocido,Pendiente de implementar,confirmada,margin_stabilization (media): Margen gross 38.0% vs 35.4% (+2.6 pp) | eps_stabilization (media): EPS 3.64 vs -6.79 (Diluted EPS) | debt_reduction (alta): Deuda 7129.8M vs 7454.3M | dividend_maintained (baja): Dividendo actual 3.55% con caída del 1.0%,incompleto,pendiente_confirmacion,110.69,111.69,110.69 - 111.69,102.92,108.5,102.92 - 108.50,Pérdida del soporte en 111.69 | ROE negativo durante 2 trimestres consecutivos | Ampliación de capital dilutiva | Recorte de rating a bono basura,6-12,"The J.M. Smucker Company está un 1.0% por debajo de su máximo 52s. Fundamentalmente aceptable con ROE -2.4%, deuda neta/EBITDA 3.7x. Técnicamente 🟡 trendline_break. Clasificación: pendiente_confirmacion.","The J.M. Smucker Company está un 1.0% por debajo de su máximo 52s. Fundamentalmente aceptable con ROE -2.4%, deuda neta/EBITDA 3.7x. Técnicamente 🟡 trendline_break. Clasificación: pendiente_confirmacion.",🟡 trendline_break,3.55,11,20,False,86.1,1.29,1726153.0,7071200192.0,3.67,-4.4,gross,34.3,33.3,1.0,-2.4,13504.0,11.8,2.43,10.67,1.0,1.0,22.8,70.8,False,False,4.705,False,93.6,92.0,False,103.95,21.5,False,True,19,6,1.13,111.69,True
