Date,Open,High,Low,Close,Volume,SMA50,SMA200
2024-04-17,10845.91272361501,10943.87580627992,10797.930805575055,10857.908203125,2243525,,
2024-04-18,10941.877596829472,11013.850480711413,10853.910738751545,10909.8896484375,2446630,,
2024-04-19,10909.889980322436,10949.874917028767,10759.946467673693,10941.8779296875,1407714,,
2024-04-22,11029.845009375,11301.742584375,10999.85630625,11245.763671875,3448159,,
2024-04-23,11245.762639152357,11357.720453871028,11215.773938781284,11263.755859375,3561073,,
2024-04-24,11283.748713057172,11407.702012172966,11283.748713057172,11347.724609375,3596131,,
2024-04-25,11885.521924177303,12091.44433934808,11785.559586715763,12021.470703125,4952967,,
2024-04-26,12065.453487341509,12139.425613113113,11877.524302948781,11983.484375,2360260,,
2024-04-29,12249.384064878057,12483.295919878992,12013.472963253182,12019.470703125,3704143,,
2024-04-30,11945.499214345673,12139.426147197812,11881.523318971771,12057.45703125,2553342,,
2024-05-01,12189.407954209892,12151.422264341105,12151.422264341105,12165.4169921875,264606,,
2024-05-02,12109.437692806021,12253.383460328232,12043.46254935834,12151.421875,1961686,,
2024-05-03,12087.445116701245,12173.412721732366,12005.476004927386,12045.4609375,1642783,,
2024-05-07,11961.491835976181,12157.417993409856,11961.491835976181,12113.4345703125,2562233,,
2024-05-08,12239.388392220117,12379.335662304306,11999.478786361506,12259.380859375,2091841,,
2024-05-09,12263.379572707185,12383.334377787463,12185.408949405004,12327.35546875,1329957,,
2024-05-10,12345.347378359944,12437.312719154204,12253.382037565683,12365.33984375,1408187,,
2024-05-13,12321.35733831461,12423.318919404022,12247.385210857587,12313.3603515625,4031899,,
2024-05-14,12319.358317575636,12401.327433288165,12215.397487891454,12241.3876953125,6023670,,
2024-05-15,12235.389424755587,12315.359290276865,12127.430106301861,12167.4150390625,1473536,,
2024-05-16,12175.41171830049,12241.386855690294,12071.450895746855,12161.4169921875,1649252,,
2024-05-17,12181.410832021573,12251.384470478943,12063.455270050577,12105.439453125,1676789,,
2024-05-20,12085.447571769593,12151.422719804068,12009.476189184441,12091.4453125,1582383,,
2024-05-21,12145.42434183921,12435.315128599159,12061.455976019088,12359.34375,2178866,,
2024-05-22,12353.34547984299,12435.31459534284,12250.565846000134,12355.3447265625,1953010,,
2024-05-23,12325.355025817025,12445.309819255634,12259.37988942579,12399.3271484375,1440381,,
2024-05-24,12329.354829250875,12437.314154819149,12239.388724610646,12291.369140625,919468,,
2024-05-28,12221.396143698557,12261.381081188165,11983.485765635392,12023.470703125,2196897,,
2024-05-29,12047.46088740308,12089.445069055166,11874.767164022265,11925.5068359375,2028914,,
2024-05-30,12103.440578104215,12183.41045308343,11853.534718794168,12023.470703125,1694793,,
2024-05-31,12031.467176925245,12209.400141156942,11949.498058571318,12185.4091796875,4183291,,
2024-06-03,12299.36542959258,12375.336802532196,12083.446790711567,12341.349609375,2147969,,
2024-06-04,12329.353518931644,12465.302284828735,12317.358039587783,12399.3271484375,1646266,,
2024-06-05,12495.292158849174,12581.259768902057,12323.356938743409,12511.2861328125,1815206,,
2024-06-06,12561.267827113532,12635.239959789516,12435.315276881454,12585.2587890625,1326464,,
2024-06-07,12621.244140780553,12699.214760373527,12469.301394907066,12551.2705078125,2907425,,
2024-06-10,12545.27371264261,12627.242831721229,12475.300074404762,12595.2548828125,1555931,,
2024-06-11,12625.242207384757,12691.21734481052,12337.350698617789,12371.337890625,1720592,,
2024-06-12,12471.299943659253,12558.924147305474,12295.366247756398,12461.3037109375,3288083,,
2024-06-13,12461.305138427262,12507.287814214817,12324.717926495301,12387.3330078125,2266844,,
2024-06-14,12463.303905313249,12551.946286670309,12429.31671147457,12505.2880859375,853710,,
2024-06-17,12551.271128261285,12557.268868526462,12413.323102162205,12423.3193359375,1122267,,
2024-06-18,12469.301395219625,12475.299135188467,12343.348855873974,12411.3232421875,1604675,,
2024-06-19,12229.391492352108,12365.340261598461,12159.417861122367,12335.3515625,943032,,
2024-06-20,12409.32405144731,12419.320284773754,12259.380551550652,12393.330078125,1559325,,
2024-06-21,12427.316825940106,12521.281415840233,12313.359770103782,12467.3017578125,6183289,,
2024-06-24,12383.335644797344,12505.289709106779,12345.349952635388,12473.3017578125,2752680,,
2024-06-25,12471.301307270916,12569.264398655378,12393.330683515936,12545.2734375,3545029,,
2024-06-26,12565.265234406112,12699.214760373527,12467.302148250836,12551.2705078125,1440176,,
2024-06-27,12507.28713852612,12627.241938448045,12323.3564453125,12323.3564453125,1001890,12147.0631640625,
2024-06-28,12359.341712465099,12449.307803869326,12299.364318195614,12351.3447265625,1225943,12176.93189453125,
2024-07-01,12363.341126361347,12441.311744719706,12227.39235589036,12299.365234375,1123384,12204.72140625,
2024-07-02,12275.374186817393,12373.337270718705,12037.463840199922,12081.447265625,1577419,12227.51279296875,
2024-07-03,12125.431224651622,12137.42670484089,11968.075476104368,12015.47265625,2172456,12242.90697265625,
2024-07-04,12057.457001725643,12177.411805257982,11941.500691644382,12101.4404296875,1130254,12259.6606640625,
2024-07-05,12161.418537223426,12233.391423519668,11979.487074641258,12051.4599609375,1079171,12273.73537109375,
2024-07-08,12023.468918003779,12115.434260575807,11951.496041208278,12039.462890625,971467,12274.09521484375,
2024-07-09,12043.462787278131,12125.431906514254,11935.503459503725,11939.501953125,1177058,12273.21556640625,
2024-07-10,11967.491093698254,12073.451171875,11867.528755795662,12073.451171875,982633,12274.29517578125,
2024-07-11,12133.427090005165,12157.418048166322,12055.456475981406,12095.44140625,765771,12275.05486328125,
2024-07-12,12149.42273271819,12299.366241843394,12021.470938264682,12255.3828125,1054328,12276.8541796875,
2024-07-15,12203.401252943242,12279.372623783976,12085.445703479996,12099.4404296875,1097590,12275.81455078125,
2024-07-16,12015.47154571281,12173.412020273761,11955.494150309918,12095.44140625,925600,12276.81416015625,
2024-07-17,12095.441939993569,12247.384681719108,11919.508239048208,12239.3876953125,1658263,12279.33322265625,
2024-07-18,12311.362043594343,12389.332670372547,12107.438865866732,12121.43359375,891088,12276.57427734375,
2024-07-19,12075.450222255493,12313.360582594632,12001.478093410551,12101.4404296875,985408,12272.0559765625,
2024-07-22,12229.392604251632,12351.346658340131,12189.407668484911,12255.3828125,1926468,12269.8568359375,
2024-07-23,12173.413698952778,12365.341390708316,12145.424243905096,12185.4091796875,2173585,12267.2978125,
2024-07-24,12191.405218908629,12237.387888642132,12029.47698972673,12209.3984375,2043292,12266.65802734375,
2024-07-25,12295.367619908271,12381.335230909257,11535.653848271662,12055.4580078125,2390645,12264.41888671875,
2024-07-26,12111.436216517857,12327.354854910714,12103.439229910715,12175.412109375,1499050,12264.6987890625,
2024-07-29,12129.430367397283,12501.290273172113,12129.430367397283,12359.34375,3333384,12269.776875,
2024-07-30,12207.40053052266,12331.353827753646,12025.629174064758,12197.404296875,1485800,12271.8960546875,
2024-07-31,12213.397327181285,12395.328765513827,12161.41691622913,12363.3408203125,1591105,12271.97599609375,
2024-08-01,12339.350389875719,12567.264509196171,12271.376003411724,12507.287109375,1109028,12275.01484375,
2024-08-02,12617.245479777954,12787.181443298969,12461.304242664552,12605.25,1677158,12279.13330078125,
2024-08-05,12565.265431694243,12587.257145258067,12255.38219511308,12453.3076171875,1549203,12282.3720703125,
2024-08-06,12451.309071642287,12467.303046043882,12193.406234416556,12403.3271484375,2163688,12289.96919921875,
2024-08-07,12425.317667547035,12699.21445281718,12407.324448076733,12685.2197265625,1123581,12305.16345703125,
2024-08-08,12622.016256038169,12662.003635274787,12428.077466740577,12624.015625,993991,12317.17435546875,
2024-08-09,12662.003891024853,12719.985592089075,12594.025344949558,12695.9931640625,2052309,12327.38603515625,
2024-08-12,12685.996169399208,12839.947580753618,12634.012575954861,12775.9677734375,1810288,12336.0783984375,
2024-08-13,12891.93042521285,12943.914015637094,12781.965137776946,12915.9228515625,2096367,12346.4103125,
2024-08-14,12909.92492427894,12985.900942108055,12799.959635315747,12897.9287109375,844567,12354.1431640625,
2024-08-15,12975.904392113209,13213.829295450878,12961.908809563934,13161.845703125,2418404,12365.67490234375,
2024-08-16,13131.855392696996,13213.82952045287,13039.884420092845,13041.8837890625,1246640,12375.48716796875,
2024-08-19,12975.903925706418,13083.86984434866,12939.915286159005,13045.8818359375,898295,12384.49970703125,
2024-08-20,13045.882617366386,13116.332062657708,13029.887665498349,13097.8662109375,1331981,12399.0302734375,
2024-08-21,13049.882380859375,13097.867240234375,12931.9196015625,12995.8994140625,2317682,12409.7221875,
2024-08-22,13105.863550408569,13183.838939953333,12985.901412647392,13013.892578125,2721134,12422.25337890625,
2024-08-23,13105.864274242887,13193.836513459773,13015.892665952892,13071.875,1821476,12433.5851171875,
2024-08-27,13143.850812006003,13233.822410201969,13045.881738414842,13153.84765625,1490247,12448.19568359375,
2024-08-28,13163.845058001894,13249.817922141336,13099.865252130681,13195.8349609375,1040560,12463.88591796875,
2024-08-29,13205.831717990763,13285.806474799185,13117.859485501498,13269.8115234375,1119836,12482.5751171875,
2024-08-30,13245.819096394973,13325.793853203395,13167.843708506762,13269.8115234375,4260741,12500.10474609375,
2024-09-02,13289.805844575032,13367.781236171004,13187.838024795685,13271.8115234375,2234636,12516.19494140625,
2024-09-03,13295.804164791036,13383.776402873864,13179.84076004549,13185.8388671875,909842,12530.44568359375,
2024-09-04,12991.899564821113,13117.859809909407,12991.899564821113,13041.8837890625,1434930,12540.377890625,
2024-09-05,13021.889610122607,13069.874463591508,12536.04296875,12536.04296875,2305261,12540.07333984375,
2024-09-06,12560.034953063241,12775.966786067194,12548.038740118578,12646.0078125,1648823,12546.5263671875,
2024-09-09,12683.996830012979,12707.9892578125,12464.06624185071,12707.9892578125,1127367,12553.6592578125,
2024-09-10,12022.205826565774,12420.080258544253,11994.214660496937,12402.0859375,3200262,12555.713671875,
2024-09-11,12260.130095136294,12348.102326738706,12122.17364103251,12304.1162109375,1865508,12560.16705078125,
2024-09-12,12396.087817686723,12400.086555692427,12044.198873184647,12046.1982421875,2026175,12560.7815625,
2024-09-13,11908.241376645288,11944.271020157876,11708.304483148893,11924.236328125,2101369,12557.23748046875,
2024-09-16,11996.21305706974,12056.19412235509,11962.223786741377,12012.2080078125,1030524,12556.45244140625,
2024-09-17,12008.209749109605,12106.178826316793,11910.240671902417,11964.2236328125,2441405,12554.94765625,
2024-09-18,11924.237051651064,11946.230111270137,11824.268598837087,11852.259765625,2676484,12553.2028125,
2024-09-19,11960.225270266012,12039.604514503062,11860.256820999328,11894.24609375,2791079,12549.6187109375,
2024-09-20,11812.271844492783,11938.232089280029,11756.289513476231,11776.283203125,3467671,12543.235546875,
2024-09-23,11676.314434241194,11734.296132630407,11512.366183623424,11580.3447265625,2430049,12529.73478515625,
2024-09-24,11588.343151959296,11618.33368806685,11498.371543636631,11518.365234375,1455566,12518.11328125,
2024-09-25,11456.38306445076,11578.344559552243,11438.388745501361,11562.349609375,1823463,12507.4514453125,
2024-09-26,11740.294184620307,11752.29039802421,11570.347828065007,11716.3017578125,3984667,12496.9897265625,
2024-09-27,11682.312167160953,11726.557965421833,11594.339937937082,11650.322265625,2998269,12487.5675,
2024-09-30,11616.33365334829,11722.300208189507,11560.351322488781,11584.34375,2967198,12477.22556640625,
2024-10-01,11656.321510858052,11796.27734375,11604.337915783899,11796.27734375,3219814,12468.04345703125,
2024-10-02,11802.27464540955,12006.210273705634,11796.27653869496,11942.23046875,2128582,12463.1798828125,
2024-10-03,12030.203502271137,12078.18835918563,11918.23883613732,11960.2255859375,1443950,12458.19642578125,
2024-10-04,11822.268128720554,11918.237834483887,11734.2958984375,11734.2958984375,1690859,12451.77318359375,
2024-10-07,11764.287663394369,11842.263057492326,11691.029530718202,11806.2744140625,1220093,12444.3904296875,
2024-10-08,11726.299022969204,11766.28640241667,11672.316060715126,11674.3154296875,2577470,12430.68986328125,
2024-10-09,11720.300137629189,11796.276153533301,11678.313391997968,11752.2900390625,951043,12421.787578125,
2024-10-10,11820.269093829651,11842.262152021825,11734.296229987522,11766.2861328125,1446954,12409.846484375,
2024-10-11,11774.28366849472,11806.273571482649,11712.303231455606,11760.2880859375,1628325,12394.90650390625,
2024-10-14,11800.275053213492,11934.232767304531,11786.159391861738,11932.2333984375,1088620,12381.446171875,
2024-10-15,12002.212505933545,12052.196732594937,11810.273075553798,11846.26171875,1722564,12369.30525390625,
2024-10-16,11978.219306991487,12094.182705390002,11952.227510798715,12020.2060546875,1339651,12361.64283203125,
2024-10-17,11988.216151681014,12020.2060546875,11930.234452481754,12020.2060546875,1035884,12348.34255859375,
2024-10-18,11958.225419988908,12052.195758517495,11872.252557079775,11942.23046875,2385885,12334.70685546875,
2024-10-21,11986.217399347757,12200.149886708927,11909.40179700252,11926.236328125,1289770,12319.31171875,
2024-10-22,11938.232226463724,11938.232226463724,11768.285862496312,11860.2568359375,853524,12300.9975,
2024-10-23,11852.2597213709,11910.241423786514,11818.270447541057,11824.2685546875,1186470,12279.1644140625,
2024-10-24,11848.26034775511,11866.254668229256,11691.669147448403,11692.3095703125,1620841,12255.05203125,
2024-10-25,11686.312369241932,11712.304167496875,11556.353377967214,11602.3388671875,1533742,12223.86189453125,
2024-10-28,11600.338627330044,11634.327899419774,11471.937747782435,11624.3310546875,1022879,12195.51083984375,
2024-10-29,11672.316530881524,11710.30454288679,11530.361328125,11530.361328125,1678377,12165.2004296875,
2024-10-30,11482.375511200751,11536.358471117594,10894.561058772922,11202.4638671875,3359764,12127.2923828125,
2024-10-31,11156.478389331643,11161.837049400303,10982.533296164644,11038.515625,2331962,12088.14470703125,
2024-11-01,11064.50794752824,11110.493434118978,10998.52877111544,11018.5224609375,3969980,12048.2373046875,
2024-11-04,11012.523829469299,11338.42095804655,10926.550967329289,11038.515625,2433650,12007.5701171875,
2024-11-05,11040.516204719324,11048.51368114433,10006.842376787436,10110.8095703125,4440784,11946.70935546875,
2024-11-06,10326.740397365073,10376.724620004787,9865.885864626902,9918.869140625,7726112,11881.1700390625,
2024-11-07,9887.879265544665,9896.876425931876,9666.948993814267,9721.931640625,8032972,11810.21244140625,
2024-11-08,9842.893957915214,10004.842853018024,9802.906576408348,9899.8759765625,4062390,11742.81373046875,
2024-11-11,9961.85689422806,10043.490317423939,9936.864779591262,9981.8505859375,1983432,11677.01451171875,
2024-11-12,10286.752991272522,10286.752991272522,9742.924650431682,9986.84765625,3567212,11613.0346875,
2024-11-13,10234.769164268902,10304.747074163299,10072.820287084729,10140.798828125,2832613,11555.01298828125,
2024-11-14,10144.798360908351,10300.74914375243,10090.81539761617,10288.7529296875,2533693,11510.0671875,
2024-11-15,10110.80864934105,10144.797921051313,9939.708358139187,9974.8515625,3178704,11456.6440625,
2024-11-18,9916.87049293999,9941.862606077439,9840.894469002144,9911.8720703125,6304337,11400.72171875,
2024-11-19,9956.857109343826,10030.833758549794,9917.869415843383,10020.8369140625,5404738,11353.09673828125,
2024-11-20,10084.816944245913,10150.796119337132,9954.85796300563,9965.8544921875,1867220,11306.33150390625,
2024-11-21,9863.885764898256,10084.816012596899,9863.187743090844,10058.82421875,5454398,11266.5840234375,
2024-11-22,10180.786811390108,10544.671964507352,10136.800693980333,10470.6953125,2868658,11237.513203125,
2024-11-25,10480.692157365858,10542.672595534179,10400.717398438992,10470.6953125,5509464,11206.68294921875,
2024-11-26,10528.676831901688,10560.666734923037,10404.715957693958,10488.689453125,1993298,11177.172265625,
2024-11-27,10522.678651038204,10542.672340285855,10420.71083587519,10528.6767578125,1962171,11150.70060546875,
2024-11-28,10632.643974109755,10650.638294487151,10568.664168323461,10590.6572265625,1606465,11124.628828125,
2024-11-29,10564.66622396815,10609.249811463656,10528.677580510272,10608.65234375,2380552,11101.2762109375,
2024-12-02,10592.656669716458,10642.640893337242,10412.713464681638,10550.669921875,1931093,11080.68271484375,
2024-12-03,10580.660697115385,10800.591286057692,10558.667638221154,10786.595703125,2193680,11066.04732421875,
2024-12-04,10680.629989041627,10682.629358189706,10418.71263064319,10476.6943359375,4060643,11044.33421875,
2024-12-05,10510.683199004638,10632.6447122516,10476.693924821058,10614.650390625,3715214,11022.30119140625,
2024-12-06,10618.647794219014,10730.612448046215,10604.652212490613,10650.6376953125,2351711,11002.3075,
2024-12-09,10690.625571227925,10732.61231837507,10592.656494551253,10698.623046875,2639783,10984.5930859375,
2024-12-10,10646.63906707067,10694.623919203947,10504.683879509728,10508.6826171875,1481524,10958.84119140625,
2024-12-11,10490.687716107777,10582.658677598334,10436.704760450275,10534.673828125,3058026,10930.69005859375,
2024-12-12,10540.672612781509,10572.662514489497,10464.696596225042,10564.6650390625,1596780,10902.77884765625,
2024-12-13,10542.672656026103,10550.670131964678,10432.133324291126,10464.697265625,2015813,10877.386875,
2024-12-16,10516.680949496389,10602.65381657402,10478.692938462087,10520.6796875,1359168,10851.67498046875,
2024-12-17,10380.724035670093,10528.677344344898,10346.734762055612,10502.685546875,2365428,10828.2423828125,
2024-12-18,10478.69336541248,10504.685163494976,10320.288273267435,10348.734375,3573076,10800.17126953125,
2024-12-19,10272.757480750926,10304.747383376854,10162.283561956598,10240.767578125,1895911,10769.6608984375,
2024-12-20,10218.774400731889,10276.802958772632,10080.817947268672,10252.763671875,3840236,10739.51041015625,
2024-12-23,10304.748846340673,10462.699012980354,10300.750107944732,10418.712890625,2737381,10709.24,
2024-12-24,10474.693778596924,10494.687467809745,10432.70703125,10432.70703125,754282,10680.96890625,
2024-12-27,10450.702088125896,10456.7001953125,10356.731742202437,10456.7001953125,1126432,10649.6987890625,
2024-12-30,10446.703547976917,10478.693453578377,10356.731938472809,10404.716796875,812636,10617.38900390625,
2024-12-31,10330.739543653874,10466.696634609643,10316.16797067302,10464.697265625,377953,10587.83833984375,
2025-01-02,10402.717151120061,10646.640174844191,10310.746174961783,10626.646484375,2588002,10561.84654296875,
2025-01-03,10652.637663417972,10782.596643921383,10524.678051845383,10590.6572265625,2879413,10536.45455078125,
2025-01-06,10548.67060087402,10726.614437772767,10548.67060087402,10708.6201171875,2451616,10514.14158203125,
2025-01-07,10594.655877060777,10710.619274092203,10522.67859614472,10664.6337890625,2763990,10493.58806640625,
2025-01-08,10660.635814290032,10764.603005277106,10492.688813464758,10750.607421875,1222394,10476.5534375,
2025-01-09,10802.589665110518,10996.528439405487,10774.598501810213,10984.5322265625,2841197,10463.7574609375,
2025-01-10,10976.535787254143,11004.526953196138,10896.561027419868,10978.53515625,3061815,10452.7209375,
2025-01-13,10896.5613305073,10932.549973433746,10790.594770779431,10818.5859375,3953891,10445.04337890625,
2025-01-14,10764.602948612419,10822.584650973073,10582.660365342781,10626.646484375,3903004,10436.80599609375,
2025-01-15,10624.646934870398,10670.632422168483,10574.140413441934,10644.640625,1861443,10429.328359375,
2025-01-16,10724.615695459472,10840.5791015625,10718.617588247245,10840.5791015625,1140265,10425.36962890625,
2025-01-17,10946.545041869515,11118.490772207557,10906.557662721132,10934.548828125,2895289,10441.8444140625,
2025-01-20,10938.54803576495,10980.534785673755,10790.5947265625,10790.5947265625,1013433,10459.27892578125,
2025-01-21,10828.582113248733,11048.5126953125,10786.595365763833,11048.5126953125,1327333,10485.810546875,
2025-01-22,11006.52704122792,11094.499282792685,10944.546598307292,11036.517578125,1999147,10508.54337890625,
2025-01-23,11094.498240843688,11152.479940065974,11030.518434805303,11042.5146484375,3383647,10529.75666015625,
2025-01-24,11102.49600360577,11134.485907451923,11018.522506009616,11046.513671875,1374874,10550.94998046875,
2025-01-27,11066.507361778846,11210.46192908654,11024.52061298077,11176.47265625,1228179,10571.66345703125,
2025-01-28,11190.468991998658,11284.439340868397,11130.487918252014,11166.4765625,6515272,10589.2179296875,
2025-01-29,11128.486639039129,11322.425410865719,11116.490426348826,11228.455078125,1703695,10614.29,11691.1308984375
2025-01-30,11238.452408244211,11326.424638445731,11152.479546910907,11310.4296875,3102211,10642.26115234375,11693.393505859374
2025-01-31,11418.396288959197,11434.391240861083,11309.107538924987,11340.4208984375,2934215,10668.65283203125,11695.546162109375
2025-02-03,11244.451216909809,11346.419035555327,11224.457526979315,11272.4423828125,3214870,10694.78458984375,11697.198984375
2025-02-04,11176.472199399366,11300.433071736174,10960.540357264279,11026.51953125,1998421,10714.13849609375,11696.102763671875
2025-02-05,11030.519256344935,11156.479508864371,10938.548278314871,11122.490234375,1977083,10727.17439453125,11695.396435546874
2025-02-06,11360.414400559986,11974.220669650433,11328.424497284914,11782.28125,2998505,10753.40611328125,11697.56921875
2025-02-07,11596.33984375,11680.313339170258,11496.37139682112,11596.33984375,4539386,10775.55912109375,11695.443564453126
2025-02-10,11580.3450140809,11796.27686171915,11522.363314252112,11714.302734375,1311552,10799.271640625,11694.09765625
2025-02-11,11684.311835964383,11706.304893834953,11534.366002445457,11620.33203125,11271759,10819.86513671875,11692.101962890625
2025-02-12,11666.31897996632,11828.267880973564,11576.347368295628,11798.27734375,4282148,10843.65763671875,11690.806064453125
2025-02-13,11998.213597661474,12056.195299766487,11848.260919803683,11960.2255859375,4659511,10871.84875,11689.780107421875
2025-02-14,11840.262750696638,11904.242556171528,11674.315130246145,11704.3056640625,3001389,10890.20294921875,11687.544526367188
2025-02-17,11678.314782258409,11730.298378275995,11640.32676978402,11710.3046875,719403,10914.87515625,11685.868745117188
2025-02-18,11760.288821258908,11840.263583729216,11679.352448180283,11784.28125,1256095,10938.2677734375,11684.222978515625
2025-02-19,11804.274807224027,11832.265973772322,11684.312664874189,11700.3076171875,1300004,10959.261171875,11681.427612304688
2025-02-20,11478.025752938956,11608.003396482689,11440.032287903095,11588.0068359375,2955085,10977.04884765625,11677.730869140625
2025-02-21,11550.012195187051,11775.973306346355,11532.015292528346,11705.9853515625,2971779,11000.99490234375,11674.434096679688
2025-02-24,11721.98384042909,11837.963892074413,11701.987279800585,11769.9755859375,1943083,11025.7009375,11671.717172851562
2025-02-25,11797.969974386104,11979.938663821551,11795.970318458243,11929.947265625,4093763,11053.00658203125,11670.159970703126
2025-02-26,12131.912705569612,12205.89997606674,11879.836934557108,11879.9560546875,4016833,11081.3117578125,11668.72267578125
2025-02-27,11761.976311249271,12045.927456471542,11761.976311249271,12015.9326171875,4160614,11111.21681640625,11667.99525390625
2025-02-28,11939.945878462358,12063.924549449574,11901.952414772728,11965.94140625,4994802,11140.48193359375,11667.297763671875
2025-03-03,11967.94079442178,12015.932536955803,11863.958685598065,11901.9521484375,3298899,11171.5462890625,11666.350297851563
2025-03-04,11913.950262985432,12141.911043445374,11901.95232717175,12061.9248046875,3693789,11207.96943359375,11664.863203125
2025-03-05,11985.937535947087,12077.91487313321,11863.998557495015,12059.9248046875,5463457,11244.11265625,11663.386103515624
2025-03-06,12019.932672397219,12053.926825687979,11931.94780505643,12025.931640625,2085930,11276.25703125,11661.519125976563
2025-03-07,11965.940746148111,12069.9228515625,11911.950037567563,12069.9228515625,3117551,11309.00134765625,11660.41189453125
2025-03-10,11911.950504889905,11941.945344166948,11641.996951396512,11839.962890625,2680025,11336.6666015625,11659.49435546875
2025-03-11,11791.970378001144,11835.96280606898,11466.02647913491,11478.0244140625,2003279,11358.13275390625,11657.256943359374
2025-03-12,11498.021895118025,11673.991621512876,11480.02499128219,11647.99609375,2588248,11381.79873046875,11655.3795703125
2025-03-13,11703.986330261898,11895.953302362555,11641.996995521062,11879.9560546875,2893497,11406.864921875,11653.8523046875
2025-03-14,11857.959577119289,12017.932050335065,11851.960609373698,11991.9365234375,2288953,11434.8905078125,11652.105239257813
2025-03-17,12087.920150756836,12087.920150756836,11779.973136163528,11901.9521484375,1670383,11458.7571484375,11649.618364257813
2025-03-18,11905.951247058607,11975.939203667112,11807.968107806697,11843.9619140625,1483611,11482.3437109375,11646.281743164063
2025-03-19,11795.970247661024,11907.950978949211,11767.975064838976,11781.97265625,1410679,11502.971015625,11642.2653125
2025-03-20,11725.982511856368,11873.957052422087,11725.982511856368,11805.96875,1506768,11519.39974609375,11638.538803710937
2025-03-21,11823.965424404236,11825.965080319069,11605.53914230491,11606.0029296875,3858629,11531.9491015625,11633.592543945313
2025-03-24,11606.002451809729,11629.998321799687,11332.049602757706,11450.029296875,973505,11544.57796875,11628.986000976562
2025-03-25,11450.030319693908,11574.008992383573,11314.0537109375,11314.0537109375,2722505,11558.32611328125,11623.249750976562
2025-03-26,11296.056026621762,11346.047423446958,11124.08562154308,11230.0673828125,1736077,11570.0346484375,11617.463422851562
2025-03-27,11166.079034923187,11242.065962453109,11108.08901128193,11194.07421875,1525128,11577.10455078125,11610.907353515626
2025-03-28,11224.068818058262,11442.03131603944,11224.068818058262,11414.0361328125,1392509,11586.694296875,11605.8609375
2025-03-31,11330.051038103118,11364.045190529478,11140.08371572052,11252.064453125,1652602,11595.92369140625,11600.064643554688
2025-04-01,11430.033569142619,11484.024280543397,11300.05593058519,11364.044921875,1216768,11602.2343359375,11595.208110351563
2025-04-02,11302.0552845008,11324.051499668796,11054.097949879764,11226.068359375,1425815,11606.0253515625,11589.371801757812
2025-04-03,11210.071968678678,11550.013501799509,11198.07403221559,11390.041015625,2026649,11612.97587890625,11583.985498046875
2025-04-04,11210.071122085492,11340.04875728627,10806.140625,10806.140625,2201554,11608.16841796875,11575.649692382813
2025-04-07,10498.194145985606,10498.194145985606,9979.283406769746,10054.2705078125,6315153,11585.724375,11563.194677734375
2025-04-08,10280.231642997216,10468.19930968497,10088.264664252276,10372.2158203125,3453705,11569.83916015625,11552.299404296875
2025-04-09,9932.290980065882,9998.279625594807,9571.857881535661,9665.3369140625,3442448,11538.576796875,11539.009306640624
2025-04-10,10224.240580041862,10351.661035935544,9955.286862456172,10016.2763671875,3712987,11512.69373046875,11527.33396484375
2025-04-11,10010.277632191122,10066.267998491832,9838.307221410372,10006.2783203125,5087944,11486.01087890625,11515.868530273438
2025-04-14,10188.246973791787,10330.222544967295,10118.259016170057,10318.224609375,1379564,11466.9265234375,11507.052416992188
2025-04-15,10258.235860742947,10334.222793044746,10196.246521233585,10278.232421875,3745275,11451.96078125,11498.366215820313
2025-04-16,10278.231856165887,10320.224632231933,10152.253527967743,10252.236328125,1901968,11434.555703125,11489.1201953125
2025-04-17,10150.25397338626,10200.245373964404,10046.271860183722,10122.2587890625,3270915,11401.35525390625,11479.474189453125
2025-04-22,10120.258955482619,10156.252763267381,9843.306601138745,10138.255859375,2355704,11372.19357421875,11469.968154296876
2025-04-23,10260.234973076205,10484.196445885507,10224.241164946137,10360.2177734375,4199351,11345.111875,11462.071733398438
2025-04-24,10354.218265271926,10448.202092708732,10272.232373252586,10442.203125,4024887,11321.549296875,11453.915493164062
2025-04-25,10468.198895733172,10500.19339092548,10330.222635216345,10398.2109375,2801716,11293.54796875,11445.429340820312
2025-04-28,10414.208373907468,10581.114230286412,10408.209405950147,10524.189453125,3055606,11264.82724609375,11436.773374023438
2025-04-29,10048.27151748505,10618.17348414838,9972.284588596605,10616.173828125,2494668,11243.064609375,11429.357041015624
2025-04-30,10818.138468697567,10890.126081428272,10670.163931417785,10726.154296875,3299755,11223.3816015625,11422.51060546875
2025-05-01,10764.1476194632,10798.141769478225,10438.203710495616,10606.1748046875,1222912,11199.81947265625,11414.344541015626
2025-05-02,10654.167245908498,10790.143854902826,10597.358658875899,10752.150390625,2168988,11180.856328125,11407.498125
2025-05-06,10888.126492224006,10900.124427752628,10670.163996787383,10698.1591796875,2984243,11163.059375,11400.48171875
2025-05-07,10476.197831257736,10552.18475960051,10386.21331085182,10502.193359375,3690976,11138.98353515625,11391.715771484374
2025-05-08,10404.210048822344,10436.204544455855,10098.262684326895,10132.2568359375,2288161,11106.22916015625,11381.450009765626
2025-05-09,10138.256452560425,10326.224126434327,10130.257828140258,10238.2392578125,2846412,11072.395,11371.594213867187
2025-05-12,9741.323450771819,10318.224162164135,9649.33928188431,10270.232421875,3037827,11040.20052734375,11362.6680859375
2025-05-13,10352.219095154409,10392.21221508933,10160.252119466786,10178.2490234375,1527172,11003.44685546875,11352.682270507812
2025-05-14,10162.25194532965,10252.236466687351,10006.278774976301,10020.2763671875,3888375,10964.5335546875,11340.98693359375
2025-05-15,9944.289565898614,10226.241069777903,9930.291973507445,10140.255859375,2520670,10929.29962890625,11330.70119140625
2025-05-16,10228.239861901016,10374.214741650532,10212.242614805178,10328.22265625,2953993,10894.6255859375,11320.525600585937
2025-05-19,10322.22407721811,10370.2158203125,10210.243343331204,10370.2158203125,2530300,10860.83140625,11309.840244140625
2025-05-20,10438.204223609378,10510.191838944615,10346.220048458797,10416.2080078125,2290631,10828.63693359375,11298.895034179688
2025-05-21,10388.212857117329,10554.184304112658,10370.906264155683,10490.1953125,3446520,10797.0423828125,11289.07947265625
2025-05-22,10408.209628827175,10484.196557913714,10328.22338768345,10372.2158203125,1081442,10767.68744140625,11278.923916015625
2025-05-23,10474.19819839378,10512.191662649124,10286.230533130509,10434.205078125,3121052,10746.8110546875,11267.668842773437
2025-05-27,10488.19525679756,10596.176676028652,10462.199729945632,10482.1962890625,1149268,10723.49505859375,11256.95974609375
2025-05-28,10466.19878096115,10506.191898198296,10362.21667614457,10384.212890625,1144372,10693.5801953125,11245.400844726562
2025-05-29,10448.201990466916,10482.196140483748,10362.21678748317,10396.2109375,1615691,10661.66568359375,11233.502060546874
2025-05-30,10422.20620991721,10718.583910601263,10410.208274909632,10718.1552734375,5838803,10637.98974609375,11222.51322265625
2025-06-02,10804.141744712857,10830.137273619255,10502.193678184698,10572.181640625,2458816,10612.554140625,11210.884487304687
2025-06-03,10642.168889682036,10716.156159302147,10576.759245743046,10636.169921875,1407779,10589.6380859375,11198.256108398438
2025-06-04,10718.15537630039,10812.139201428397,10604.17499263451,10764.1474609375,4148339,10568.80166015625,11186.867426757812
2025-06-05,10806.140599445092,10824.137502738025,10612.173975065713,10698.1591796875,1238583,10550.64478515625,11175.128813476562
2025-06-06,10772.146883803736,10788.144131821266,10672.164083694179,10780.1455078125,1035006,10537.247109375,11163.540209960938
2025-06-09,10786.144709301314,10826.137830210848,10694.160531209385,10770.1474609375,629958,10526.368984375,11152.411450195312
2025-06-10,10810.14020354753,10892.126098542989,10724.154996601073,10870.1298828125,910149,10519.170234375,11141.69263671875
2025-06-11,10864.130903967713,10908.12333538448,10744.151545558352,10904.1240234375,1482294,10513.37123046875,11130.853881835938
2025-06-12,10898.124902609361,11084.09290553462,10878.128343155031,11028.1025390625,1172368,10505.65255859375,11120.22515625
2025-06-13,10922.121015881008,11074.094871100151,10902.124455983752,10984.1103515625,1985957,10500.2934765625,11109.166533203124
2025-06-16,10904.124515239359,10976.112133531788,10816.1396484375,10816.1396484375,2181759,10489.33537109375,11096.898173828125
2025-06-17,10700.159135173395,10836.135741637943,10594.177368370147,10660.166015625,2577127,10478.01732421875,11083.849946289063
2025-06-18,10498.193803772043,10566.182106501234,10458.200684519577,10546.185546875,1423209,10461.14021484375,11070.22181640625
2025-06-19,10452.201430823245,10622.172182998484,10450.2017749153,10550.1845703125,815343,10456.02109375,11057.043544921875
2025-06-20,10608.175401225102,10626.172305770064,10376.215298201141,10390.212890625,4603842,10462.73994140625,11043.785190429688
2025-06-23,10322.22451752939,10464.20009690649,10308.226925196437,10418.2080078125,1754277,10463.65978515625,11033.196015625
2025-06-24,10544.185843284215,10604.175521891937,10264.234009781503,10330.22265625,4087245,10476.9575,11021.61708984375
2025-06-25,10318.2249204113,10368.216320219493,10226.240744764222,10246.2373046875,2081995,10481.55671875,11009.308330078125
2025-06-26,10182.248001435577,10250.236303094809,10142.2548828125,10142.2548828125,4208272,10484.27625,10998.009174804687
2025-06-27,10166.25084436742,10260.234673967198,10146.254284878105,10222.2412109375,1298688,10482.35658203125,10987.599799804688
2025-06-30,10214.242271646492,10234.535654438909,10118.2587890625,10118.2587890625,1692827,10479.157109375,10977.960102539062
2025-07-01,10138.255999447221,10440.2040578134,10101.262363157324,10400.2109375,1530192,10482.1166015625,10970.339975585937
2025-07-02,10444.203258466674,10466.199474404475,10324.223898805943,10388.212890625,1305789,10487.43568359375,10962.22
2025-07-03,10392.212441008121,10464.200058455937,10110.260939337515,10202.2451171875,1996860,10488.71546875,10953.410107421874
2025-07-04,10128.258079316225,10414.208899719428,10120.259454969282,10334.22265625,927347,10488.19556640625,10945.819921875
2025-07-07,10358.217759101584,10366.166586734236,10170.250100924837,10216.2421875,821187,10483.67634765625,10937.42990234375
2025-07-08,10216.241696763178,10384.212787490933,10146.253742293278,10338.220703125,1762578,10482.47654296875,10930.23958984375
2025-07-09,10268.233597105109,10374.215365488082,10236.239100989493,10360.2177734375,2459821,10479.197109375,10924.138955078124
2025-07-10,10488.195272797853,10676.162928783173,10458.200434076793,10624.171875,1490017,10479.3570703125,10919.66798828125
2025-07-11,10610.175269138756,10612.174925239235,10422.20759569378,10448.203125,1745919,10473.798046875,10914.097255859375
2025-07-14,10552.18459284433,10760.14881449599,10482.196633634636,10660.166015625,1212374,10474.87787109375,10908.816577148438
2025-07-15,10660.165778369439,10712.156832625225,10480.196744407096,10494.1943359375,1440667,10469.71875,10903.0359375
2025-07-16,10450.202326232513,10526.189254743196,10318.225029345534,10434.205078125,1465976,10464.43966796875,10897.285244140625
2025-07-17,10392.211475973078,10480.196333572234,10298.227650810342,10310.2255859375,1296345,10460.6003125,10889.854985351563
2025-07-18,10292.2294921875,10350.219516526617,10232.23981183669,10292.2294921875,1470444,10463.799765625,10881.60498046875
2025-07-21,10264.234386834807,10278.23197902414,10176.249521644719,10230.240234375,2460332,10463.63978515625,10872.955053710937
2025-07-22,10214.24311500797,10436.204936810218,10196.246210537516,10350.2197265625,2054805,10465.23953125,10866.034672851563
2025-07-23,10484.196398667322,10682.1623424911,10464.199838685123,10672.1640625,1968248,10475.11783203125,10860.36412109375
2025-07-24,10768.147417240223,10998.107854191501,10733.686549111155,10904.1240234375,1827824,10492.79478515625,10856.5131640625
2025-07-25,10862.13191712183,10908.124007345283,10764.148768384905,10800.142578125,6844997,10505.99251953125,10851.752426757812
2025-07-28,10958.115297729379,11002.107731406395,10697.530233323077,10788.14453125,5723914,10515.19095703125,10846.86171875
2025-07-29,10998.10726468677,11226.068033445734,10742.151313799515,11156.080078125,5839192,10530.9082421875,10843.840678710938
2025-07-30,11060.097448503273,11496.597557322257,11060.097448503273,11496.0224609375,4702408,10552.50453125,10841.659624023438
2025-07-31,11512.02006213297,11552.013183766227,11246.065803271811,11322.052734375,2856741,10569.1416796875,10839.038579101563
2025-08-01,11088.09225208821,11160.079866348839,10844.134225982754,11102.08984375,2265511,10583.73916015625,10834.447998046875
2025-08-04,11106.089776050087,11134.641505837955,10932.119698535436,11134.0849609375,2619721,10597.7367578125,10830.017392578126
2025-08-05,11218.0703125,11268.06171317959,11152.081663602941,11218.0703125,1929022,10612.45423828125,10826.396591796874
2025-08-06,11202.072831737945,11272.060791236487,11052.0986328125,11052.0986328125,1355456,10625.811953125,10822.025903320313
2025-08-07,10898.881109089612,11020.86858572346,10808.890347638413,10948.8759765625,5872552,10636.86525390625,10817.468999023438
2025-08-08,11108.859608902903,11118.85858244827,10874.883627941312,10920.87890625,3307227,10640.9197265625,10812.95205078125
2025-08-11,10990.871703968829,11108.859591620605,10984.872319850941,11034.8671875,2952554,10650.1734375,10809.664838867187
2025-08-12,11022.86866740709,11100.860662695348,10992.871746142377,11084.8623046875,2207453,10659.14728515625,10807.077456054687
2025-08-13,11184.851680772948,11442.8251953125,11156.854555164005,11442.8251953125,1598480,10672.72083984375,10806.169926757813
2025-08-14,11440.825330342115,11584.810546875,11402.829231534826,11584.810546875,2115415,10690.4538671875,10806.442172851563
2025-08-15,11616.807879019474,11652.80418506567,11536.816087805706,11590.810546875,2185395,10706.66716796875,10808.38390625
2025-08-18,11694.799233791959,11774.7910206168,11640.804777685189,11736.794921875,3644208,10726.0001171875,10811.875302734376
2025-08-19,11708.798403748833,11830.467558276207,11684.800866456777,11780.791015625,5698126,10744.21333984375,10815.686645507812
2025-08-20,11796.788781827978,12042.763526727935,11776.790835088144,11974.7705078125,1329692,10765.62626953125,10820.367919921875
2025-08-21,11936.774959731387,12060.762235238733,11898.778859172684,12046.763671875,768494,10785.9994921875,10830.047690429688
2025-08-22,11932.774974476208,12124.75526566939,11930.77517977628,11966.771484375,1009953,10805.65271484375,10840.287202148438
2025-08-26,11874.780839369947,12085.006326240993,11776.810429051238,11870.78125,2980596,10826.745546875,10851.031450195313
2025-08-27,11896.778992295385,11968.771603443922,11818.786996884473,11874.78125,1352887,10851.0378515625,10860.9059765625
2025-08-28,11906.778029410987,11914.777208470046,11768.7921906422,11808.7880859375,1255394,10876.28990234375,10870.0406640625
2025-08-29,11856.783060492207,11856.783060492207,11784.790449566635,11788.7900390625,1041551,10901.06201171875,10879.050375976563
2025-09-01,11886.780280854431,11944.774330003956,11762.793003362342,11848.7841796875,808650,10930.2334375,10887.590302734376
2025-09-02,11840.784683227539,12032.76497871645,11808.78796731272,11902.7783203125,1047973,10959.92484375,10895.6604296875
2025-09-03,11974.7710822328,12220.74583893197,11942.774365914209,12208.7470703125,2746169,10997.49533203125,10906.829907226562
2025-09-04,12202.747381197183,12254.742043916147,12130.754771278614,12186.7490234375,1241306,11036.30556640625,10918.204291992188
2025-09-05,12168.750575921475,12200.747290665066,12084.759199719552,12088.7587890625,1828847,11075.23564453125,10928.543901367188
2025-09-08,12128.755063113513,12128.755063113513,11838.784826649959,11968.771484375,1168085,11110.16625,10938.558486328126
2025-09-09,11996.768249226317,12008.767017270216,11886.77954215723,11974.7705078125,983897,11147.296484375,10948.138217773438
2025-09-10,12006.767697142017,12062.761950226624,11910.777548996977,11912.77734375,1129592,11177.5478125,10955.348627929687
2025-09-11,11934.774514365172,12000.767738053853,11892.778826563284,11954.7724609375,1267493,11208.87900390625,10962.769013671876
2025-09-12,11928.775098832033,11984.769349086399,11770.791321328641,11792.7890625,1925210,11240.6898828125,10969.28951171875
2025-09-15,11654.803278868056,11688.799788089189,11337.67568544074,11412.828125,3189911,11262.2619921875,10973.710268554687
2025-09-16,11398.830397276573,11500.8199324101,11330.837373854221,11344.8359375,4005429,11284.8338671875,10977.481162109376
2025-09-17,11336.836032448336,11398.82966748201,11244.845477237079,11394.830078125,1404446,11305.9660546875,10981.41205078125
2025-09-18,11422.827641580727,11448.824973398048,11222.848166062857,11246.845703125,2290770,11323.69861328125,10984.8929296875
2025-09-19,11380.831838425558,11442.82547521895,11286.841485867833,11302.83984375,4377013,11337.27197265625,10987.474150390624
2025-09-22,11280.841717221467,11512.817898607336,11244.845413213316,11498.8193359375,1463375,11358.284296875,10992.584775390626
2025-09-23,11430.8268710306,11446.825229142609,11246.845752742494,11256.8447265625,1477037,11370.21787109375,10995.795747070313
2025-09-24,11196.850840836863,11240.846325476694,11100.86069253178,11208.849609375,1431392,11384.5109765625,10998.586806640626
2025-09-25,11162.853641840087,11184.851382803943,10954.875,10954.875,1788993,11394.924375,10999.86806640625
2025-09-26,10898.881356534092,11018.869041193182,10782.893261363637,10998.87109375,1552339,11408.69728515625,11002.319008789062
2025-09-29,11048.866203715446,11186.85204408764,10974.873796559343,11086.8623046875,2264944,11424.58994140625,11005.079951171874
2025-09-30,11032.867726347311,11256.844740186516,10920.879219427708,11180.8525390625,2361749,11443.6021875,11008.160888671875
2025-10-01,11486.820930665004,12460.720964305996,11458.898992036078,12434.7236328125,4372321,11485.292265625,11018.011020507813
2025-10-02,12718.694376555726,12748.691297255149,12354.731738736049,12452.7216796875,3183803,11520.90341796875,11027.67123046875
2025-10-03,12450.721501358696,12665.405511282366,12410.7256083251,12648.701171875,2234625,11555.7949609375,11038.40130859375
2025-10-06,12714.69438612388,12864.678984890677,12685.697363695634,12724.693359375,2970877,11594.2859765625,11050.281103515625
2025-10-07,12698.696686411875,12830.683140160407,12674.699149366686,12778.6884765625,1597439,11634.09685546875,11062.970708007813
2025-10-08,12804.685546875,12970.668508047986,12772.808936326406,12804.685546875,2932465,11667.06896484375,11075.730317382813
2025-10-09,12742.691991885627,12938.671875,12737.248214739368,12938.671875,2356449,11695.921953125,11088.330112304688
2025-10-10,12792.687245277784,12924.673701145899,12756.690939131933,12780.6884765625,4525646,11725.09466796875,11100.07001953125
2025-10-13,12828.683458824122,12908.67524968195,12608.706033965096,12722.6943359375,1233986,11757.5067578125,11111.399990234375
2025-10-14,12722.693819980079,12806.685196974604,12640.702237675901,12736.6923828125,2583306,11789.55890625,11123.059868164062
2025-10-15,12682.698042611613,12702.170653002731,12432.7237040234,12642.7021484375,1646380,11818.05154296875,11133.949892578124
2025-10-16,12454.721969217979,12610.705963052114,12362.731408751693,12552.7119140625,1378244,11848.06380859375,11143.580219726562
2025-10-17,12520.71463285356,12574.70908982322,12356.731467241998,12556.7109375,1792327,11880.2205078125,11153.41048828125
2025-10-20,12666.699282486172,12710.69476467984,12562.7099609375,12562.7099609375,1245522,11913.05712890625,11162.6809375
2025-10-21,12466.72034237464,12548.711926275402,12440.72301089391,12472.7197265625,1399376,11941.8141796875,11171.7213671875
2025-10-22,12396.727465547747,12626.703858278508,12380.729107792564,12538.712890625,4968839,11970.89119140625,11180.66189453125
2025-10-23,12430.724340538973,12565.010364594518,12430.724340538973,12494.7177734375,1297691,11991.92904296875,11188.212822265625
2025-10-24,12528.714072443296,12580.708735792621,12414.72577202362,12530.7138671875,1424817,12010.847109375,11195.973715820313
2025-10-27,12528.713556767347,12614.704727228798,12444.722180967789,12544.7119140625,1465043,12029.92513671875,11204.604345703125
2025-10-28,12584.70808605715,12706.695563134774,12404.7265625,12404.7265625,1501366,12043.28376953125,11213.49474609375
2025-10-29,12498.717095441878,12686.697800557326,12422.724895501593,12558.7109375,946767,12058.84216796875,11223.06509765625
2025-10-30,12454.72115427726,12554.710887371972,12362.730599830125,12544.7119140625,1214684,12070.24099609375,11231.58576171875
2025-10-31,12560.710281080845,12584.707817042152,12422.724449303329,12468.7197265625,1089094,12078.6801171875,11239.256616210938
2025-11-03,12544.712771990507,12582.718637788075,12348.732881721884,12362.7314453125,1848389,12086.59931640625,11247.117299804688
2025-11-04,12446.722080040709,12528.71366186617,12238.743433459053,12526.7138671875,1233596,12099.71796875,11254.508305664063
2025-11-05,12526.713670933736,12594.926392945057,12434.723117156125,12448.7216796875,1818602,12111.19677734375,11261.569326171875
2025-11-06,12568.709716226187,12992.66619352769,12328.7343517159,12832.6826171875,3100862,12131.67466796875,11270.520166015625
2025-11-07,12786.687278343023,12938.67167514535,12712.694874636629,12898.67578125,3536657,12153.8723828125,11279.7809765625
2025-11-10,12902.675136656255,13204.644130090088,12838.681707584183,13124.65234375,3313530,12179.38974609375,11289.521875
2025-11-11,13398.62493676203,13506.613854162799,13282.636840294537,13464.6181640625,2223275,12210.62654296875,11301.012583007812
2025-11-12,13546.609225026354,13546.609225026354,13388.625444575058,13516.6123046875,1841863,12236.78384765625,11312.453369140625
2025-11-13,13438.6207759004,13504.61400292491,13316.63329564297,13492.615234375,1535199,12262.901171875,11323.364296875
2025-11-14,13462.618306375629,13572.607018029024,13406.624053170264,13530.611328125,1348061,12291.73822265625,11334.315249023437
2025-11-17,13528.610857805832,13658.597510541587,13518.611884518466,13590.6044921875,1324704,12324.1748828125,11345.906059570312
2025-11-18,13798.583401288148,13882.574778513379,13464.3862655289,13564.607421875,1654756,12355.97162109375,11358.596499023437
2025-11-19,13558.608187265556,13740.58950659316,13502.229209032505,13594.6044921875,1594300,12389.6081640625,11370.9570703125
2025-11-20,13602.60335536859,13786.584465144231,13594.265344284742,13648.5986328125,1656623,12423.4846875,11380.288657226563
2025-11-21,13506.613088764021,13834.579411914347,13506.613088764021,13818.5810546875,3044890,12464.00052734375,11391.39986328125
2025-11-24,13930.570517708484,13968.566618747309,13818.582009383523,13932.5703125,3131678,12514.39537109375,11402.491201171875
2025-11-25,13872.57593168218,14140.54842337101,13850.578189827127,14098.552734375,2169015,12569.46970703125,11414.8823046875
2025-11-26,14160.546414604758,14204.541898451858,14022.560578902496,14146.5478515625,2008651,12624.5040625,11426.623657226562
2025-11-27,14068.555569138283,14162.545919067139,13938.568914981355,14010.5615234375,1037265,12679.77837890625,11436.875336914063
2025-11-28,14000.562555208557,14056.55680625067,13918.57097332546,13972.5654296875,1719274,12733.172890625,11448.216635742188
2025-12-01,13964.566736852687,14090.553806081058,13796.583977881524,13834.580078125,2063349,12779.88810546875,11458.838012695312
2025-12-02,13712.5928088202,13818.581932178442,13644.599786288496,13798.583984375,1678958,12830.722890625,11468.909526367188
2025-12-03,13696.594316083916,13824.581180769179,13594.604783287847,13692.5947265625,1966626,12880.39779296875,11478.870961914063
2025-12-04,13610.603225127645,13660.598094452975,13450.619643286593,13512.61328125,1868518,12931.55255859375,11488.493994140625
2025-12-05,13558.60777766793,13686.59463574621,13540.609625750672,13590.6044921875,1501116,12983.3872265625,11497.91708984375
2025-12-08,13578.60624004594,13700.593718785674,13474.616913907148,13576.6064453125,3939740,13033.182109375,11506.950244140626
2025-12-09,13756.587448757771,13792.583752592287,13566.606956297823,13590.6044921875,1232581,13081.3771484375,11515.253530273438
2025-12-10,13480.61656488179,13846.5790083432,13470.617591016724,13512.61328125,2485928,13102.93494140625,11523.41681640625
2025-12-11,13616.602234084243,13686.595049210246,13483.713531571299,13594.6044921875,1284701,13125.77259765625,11531.31017578125
2025-12-12,13500.614164107827,13534.610674371466,13360.628533610487,13442.6201171875,1443781,13141.6509765625,11538.693569335937
2025-12-15,13410.623071841483,13636.599869801234,13374.626767741698,13610.6025390625,2467869,13159.36916015625,11547.236821289063
2025-12-16,13742.588844772694,13834.579398739448,13446.619236357914,13504.61328125,3264200,13173.88765625,11554.450263671875
2025-12-17,13572.606345019229,13680.595256560562,13532.610451855771,13552.6083984375,2468903,13188.84611328125,11561.913681640624
2025-12-18,13498.614301926484,13594.604448073516,13374.6270298199,13546.609375,4516004,13201.00486328125,11569.5170703125
2025-12-19,13572.606738595532,15472.772033525322,13506.613512962167,13670.5966796875,10404657,13218.80302734375,11577.520439453125
2025-12-22,13590.60469219942,13630.6005859375,13474.61660035899,13630.6005859375,1451404,13236.96115234375,11586.473627929687
2025-12-23,13610.602573756916,13804.582657455774,13602.603395047685,13734.58984375,1083104,13256.9191015625,11597.756455078124
2025-12-24,13740.589701057892,13740.589701057892,13610.603042555671,13672.5966796875,688287,13277.5169921875,11607.879458007812
2025-12-29,13734.59009890075,13804.582913906796,13678.595846895912,13746.5888671875,1490651,13301.39453125,11617.212622070312
2025-12-30,13710.592767045455,13796.583941051136,13690.594819602273,13748.5888671875,950400,13325.23208984375,11625.995883789063
2025-12-31,13766.58721843274,13842.579419812817,13720.591938650063,13788.5849609375,393830,13349.74958984375,11635.429047851563
2026-01-02,13720.591144923255,13916.571021355623,13590.6044921875,13590.6044921875,3980672,13372.10728515625,11644.162260742187
2026-01-05,13642.599284535172,13648.598668565312,13276.636858696718,13382.6259765625,1632002,13388.985546875,11652.16552734375
2026-01-06,13398.625035061084,14112.551772003892,13382.626676810265,14036.5595703125,2054017,13419.8223828125,11663.318481445312
2026-01-07,14048.55789853966,14310.531006683248,14036.55913022774,14222.5400390625,2011117,13453.65890625,11676.401166992187
2026-01-08,14028.559907865847,14290.53301519734,14020.56072901603,14174.544921875,2489394,13486.25556640625,11690.023745117187
2026-01-09,14008.562157351313,14330.529110575233,13970.566057281409,14214.541015625,1510979,13522.45185546875,11704.526181640626
2026-01-12,14034.55940266466,14266.535591138456,13880.575208591537,14118.55078125,2194240,13553.64865234375,11718.968598632813
2026-01-13,13976.565578597943,14058.557163763564,13800.583639705881,14006.5625,3158787,13582.8856640625,11733.031040039063
2026-01-14,14078.554649379617,14396.522005807368,14069.982287258945,14344.52734375,3068376,13620.40181640625,11747.68349609375
2026-01-15,14324.529758629064,14408.521137920201,13980.565062484404,14024.560546875,2722307,13653.6383984375,11761.5459765625
2026-01-16,14018.56090186228,14154.546941994467,13970.565828874449,14050.5576171875,3712616,13684.1152734375,11774.978540039063
2026-01-19,13992.563543354032,14186.543629634629,13888.57421875,13888.57421875,1537042,13712.91232421875,11788.291069335937
2026-01-20,13784.585002398067,13784.585002398067,13266.63817001433,13518.6123046875,3045768,13726.63091796875,11798.93392578125
2026-01-21,13480.61607782979,13494.614640735119,13289.635683907118,13336.630859375,2380279,13735.39001953125,11811.586376953124
2026-01-22,13538.610450947179,13604.603677665236,13426.621945001381,13558.6083984375,2673613,13744.069140625,11829.10806640625
2026-01-23,13700.59392589631,13702.593720659977,13510.613423347755,13578.6064453125,1574833,13746.34890625,11845.14001953125
2026-01-26,13640.600154608193,13768.587020155022,13558.608568867256,13750.5888671875,1556179,13751.0284375,11865.566279296874
2026-01-27,13798.583407443262,13984.564314239238,13734.589977147874,13878.5751953125,1444539,13758.74763671875,11884.8777734375
2026-01-28,13816.581456937554,13820.581046301266,13476.616361022172,13506.61328125,2527114,13758.26767578125,11902.379448242187
2026-01-29,13404.623707832234,13564.607281847835,13398.624323806649,13458.6181640625,2708219,13755.62794921875,11918.081416015624
2026-01-30,13326.63240234375,13598.6044921875,13324.632607565487,13598.6044921875,1640793,13756.307890625,11934.683276367188
2026-02-02,13530.610747195513,14060.556335136218,13498.614032451924,14038.55859375,1342937,13765.18697265625,11953.614887695312
2026-02-03,13806.582852308917,13940.569099572054,13634.600505075638,13814.58203125,1444073,13768.506640625,11972.07650390625
2026-02-04,13470.617239598434,13926.570435950638,13442.620113506633,13794.583984375,2067679,13768.02669921875,11990.35814453125
2026-02-05,13788.584926708916,14066.556399488109,13684.595598762742,13978.5654296875,1438209,13768.9466015625,12008.4498828125
2026-02-06,13882.5753094202,14110.551913464265,13842.579413973872,14102.552734375,3108755,13769.0266015625,12026.751630859375
2026-02-09,14182.543830555156,14252.536644157726,13856.577298634613,13886.57421875,4085825,13763.82712890625,12044.193447265625
2026-02-10,13950.567662736514,14312.530499169328,13746.588605741228,14162.5458984375,3682595,13766.86681640625,12062.385229492187
2026-02-11,14116.551320738501,14816.4794921875,14072.555835675994,14816.4794921875,3601976,13783.74509765625,12083.3867578125
2026-02-12,14916.4684946236,15026.457201850346,14780.482456597805,14904.4697265625,1393558,13805.142890625,12104.278334960938
2026-02-13,14984.461791071695,15184.441262459279,14810.479650964497,15116.4482421875,6247838,13831.50017578125,12126.829702148438
2026-02-16,15184.441667912064,15196.440436515708,14942.4665010719,15158.4443359375,2086141,13860.81716796875,12148.861171875
2026-02-17,15172.4429362105,15520.4072265625,15172.4429362105,15520.4072265625,2510360,13900.973046875,12172.972412109375
2026-02-18,15496.408814371944,15730.384789501833,15480.655549119328,15540.404296875,1448908,13939.96904296875,12198.163466796876
2026-02-19,15390.0,15428.0,15162.0,15290.0,1991434,13974.2369140625,12223.952182617188
2026-02-20,15422.0,15424.6630859375,15224.0,15270.0,7485520,14007.82482421875,12249.110986328125
2026-02-23,15188.0,15356.0,15078.2265625,15344.0,3472197,14044.45255859375,12274.47982421875
2026-02-24,15206.0,15554.0,15184.0,15326.0,6767914,14079.08046875,12300.218579101562
2026-02-25,15316.0,15356.0,15180.0,15218.0,3583139,14114.58806640625,12326.207197265625
2026-02-26,15144.0,15465.5,15000.0,15110.0,2004961,14144.576015625,12351.05591796875
2026-02-27,15196.0,15543.5537109375,15172.0,15542.0,2575256,14185.32375,12377.1248046875
2026-03-02,15180.0,15450.0,15180.0,15252.0,1465160,14219.31158203125,12401.533725585938
2026-03-03,15142.0,15230.0,14834.0,14932.0,3504733,14247.01939453125,12424.112685546876
2026-03-04,15056.0,15216.0,14912.0,15088.0,5578017,14275.3674609375,12447.101708984375
2026-03-05,15062.0,15210.0,14774.0,14774.0,2368548,14298.23544921875,12469.110629882813
2026-03-06,14908.0,14908.0,14440.0,14500.0,1757450,14313.54365234375,12489.439604492187
2026-03-09,14048.0,14474.0,14015.912109375,14442.0,3031335,14328.93171875,12509.238623046875
2026-03-10,14544.0,14790.0,14526.0,14654.0,3182286,14347.07994140625,12530.58755859375
2026-03-11,14568.0,14608.0,14352.0,14484.0,4382544,14361.7881640625,12551.02650390625
2026-03-12,14394.0,14576.0,14308.0,14364.0,2887893,14373.29646484375,12569.255727539063
2026-03-13,14380.0,14584.0,14244.0,14380.0,1659436,14389.084375,12588.294819335937
2026-03-16,14340.0,14470.0,14264.0,14364.0,2161612,14408.71185546875,12606.933969726562
2026-03-17,14454.0,14574.0,14356.0,14402.0,5465249,14416.0206640625,12625.123232421874
2026-03-18,14352.0,14452.0,14082.0,14276.0,1501193,14417.08986328125,12643.012436523437
2026-03-19,14158.0,14268.0,13952.0,14112.0,3033498,14415.83896484375,12659.671708984375
2026-03-20,14090.0,14220.0,13884.0,13896.0,4172528,14409.46814453125,12675.300971679688
2026-03-23,13694.0,13938.0,13478.0,13742.0,2144360,14401.93712890625,12689.660322265625
2026-03-24,13728.0,13856.0,13644.0,13810.0,1400106,14398.00587890625,12704.189702148438
2026-03-25,13930.0,14080.0,13842.0,13990.0,1116537,14390.91533203125,12718.999189453125
2026-03-26,13922.0,13982.0,13768.0,13830.0,2338799,14387.02412109375,12733.228637695312
2026-03-27,14114.0,14508.0,14006.0,14302.0,2680944,14392.05296875,12750.657939453125
2026-03-30,14438.0,14752.0,14322.0,14702.0,2270734,14408.321484375,12770.867109375
2026-03-31,14710.0,14856.0,14658.0,14690.0,2536153,14431.74923828125,12791.586181640625
2026-04-01,14896.0,15100.0,14868.0,15022.0,2679524,14465.45662109375,12813.945258789063
2026-04-02,15042.0,15436.0,14955.65234375,15316.0,1609269,14500.604453125,12838.574194335937
2026-04-07,15190.0,15286.0,14868.0,14958.0,2104109,14528.19232421875,12861.273154296876
2026-04-08,15334.0,15444.0,15194.0,15216.0,2439971,14557.500546875,12885.702041015626
2026-04-09,15282.0,15290.0,15048.0,15276.0,2694111,14585.44904296875,12910.850854492188
2026-04-10,15272.0,15450.0,15230.0,15230.0,2342632,14619.91677734375,12936.289580078124
2026-04-13,15044.0,15130.0,14922.0,14988.0,1951201,14650.5044140625,12960.118374023437
2026-04-14,15022.0,15032.0,14894.0,14918.0,1318292,14676.89232421875,12984.117080078126
2026-04-15,15084.0,15122.0,14765.1142578125,14766.0,2164921,14691.44115234375,13005.946025390625
2026-04-16,14822.0,14912.0,14706.0,14862.0,1351052,14712.38951171875,13028.3149609375
2026-04-17,14736.0,15118.0,14736.0,15118.0,2868032,14738.85783203125,13052.893735351563
