Date,Open,High,Low,Close,Volume,SMA50,SMA200
2024-08-19,446.010009765625,450.45001220703125,445.7300109863281,448.7699890136719,3385300,,
2024-08-20,449.29998779296875,450.5,446.3800048828125,448.3599853515625,2906500,,
2024-08-21,449.8399963378906,451.2799987792969,443.8399963378906,446.6000061035156,3028500,,
2024-08-22,446.29998779296875,449.6000061035156,444.6499938964844,449.0299987792969,3502800,,
2024-08-23,450.0,453.7200012207031,448.80999755859375,453.3800048828125,2805400,,
2024-08-26,455.30999755859375,459.2699890136719,453.3399963378906,454.489990234375,3575800,,
2024-08-27,455.94000244140625,462.1000061035156,454.6199951171875,460.6300048828125,3764700,,
2024-08-28,461.1700134277344,466.6000061035156,460.7799987792969,464.5899963378906,4838100,,
2024-08-29,467.1099853515625,469.8500061035156,463.0,468.3699951171875,4459400,,
2024-08-30,470.5199890136719,476.95001220703125,470.0,475.9200134277344,7465800,,
2024-09-03,475.0,482.8900146484375,473.7200012207031,476.8299865722656,7511900,,
2024-09-04,478.67999267578125,484.82000732421875,474.2200012207031,478.57000732421875,5309400,,
2024-09-05,479.42999267578125,479.42999267578125,462.8800048828125,464.9200134277344,6213200,,
2024-09-06,463.82000732421875,468.1700134277344,458.54998779296875,459.4200134277344,4400300,,
2024-09-09,463.9700012207031,466.0,459.260009765625,459.6099853515625,4571000,,
2024-09-10,461.82000732421875,464.32000732421875,456.2099914550781,458.9200134277344,3544100,,
2024-09-11,457.6199951171875,457.6199951171875,445.25,453.1000061035156,5772700,,
2024-09-12,454.8399963378906,455.0,449.2699890136719,450.8699951171875,3848700,,
2024-09-13,451.5799865722656,452.42999267578125,447.2099914550781,447.6099853515625,3882600,,
2024-09-16,448.79998779296875,452.989990234375,448.3399963378906,451.7799987792969,3264400,,
2024-09-17,453.5,461.1000061035156,453.2900085449219,456.67999267578125,3824300,,
2024-09-18,458.0799865722656,459.8399963378906,454.8800048828125,456.6000061035156,3065200,,
2024-09-19,462.0,462.19000244140625,457.25,459.7099914550781,3891300,,
2024-09-20,457.760009765625,457.95001220703125,454.04998779296875,455.30999755859375,8468800,,
2024-09-23,457.30999755859375,459.6499938964844,453.4200134277344,454.9800109863281,3485100,,
2024-09-24,454.3299865722656,455.6000061035156,451.7699890136719,454.55999755859375,3009900,,
2024-09-25,454.8999938964844,455.80999755859375,451.2099914550781,452.3599853515625,2843300,,
2024-09-26,452.739990234375,457.0,451.3399963378906,454.17999267578125,3262000,,
2024-09-27,456.0400085449219,458.2699890136719,455.0400085449219,457.4700012207031,2728000,,
2024-09-30,458.3999938964844,460.6300048828125,454.54998779296875,460.260009765625,3631100,,
2024-10-01,459.1099853515625,459.7900085449219,454.82000732421875,457.4100036621094,3043700,,
2024-10-02,458.70001220703125,458.70001220703125,454.19000244140625,456.6700134277344,2803400,,
2024-10-03,455.4700012207031,455.9700012207031,450.9200134277344,452.9599914550781,2564700,,
2024-10-04,455.010009765625,462.17999267578125,453.80999755859375,461.9700012207031,3090200,,
2024-10-07,462.3399963378906,462.3399963378906,452.4100036621094,453.5,3222100,,
2024-10-08,455.9599914550781,457.55999755859375,452.8500061035156,453.79998779296875,2234100,,
2024-10-09,452.75,457.8800048828125,452.3599853515625,455.8999938964844,2206100,,
2024-10-10,457.5,457.510009765625,452.7200012207031,454.92999267578125,2375800,,
2024-10-11,455.8999938964844,463.45001220703125,455.8999938964844,460.2099914550781,3242000,,
2024-10-14,461.9200134277344,462.0,458.1000061035156,459.9800109863281,2969800,,
2024-10-15,460.989990234375,466.6600036621094,460.510009765625,462.67999267578125,3929900,,
2024-10-16,463.25,466.0,462.20001220703125,465.69000244140625,3166300,,
2024-10-17,466.1000061035156,467.8399963378906,464.2699890136719,465.8500061035156,2520900,,
2024-10-18,467.0,467.0,463.25,464.79998779296875,5635500,,
2024-10-21,464.5299987792969,465.7900085449219,461.67999267578125,464.1600036621094,3131500,,
2024-10-22,464.1099853515625,465.1499938964844,457.6000061035156,461.45001220703125,3315200,,
2024-10-23,460.1499938964844,463.260009765625,458.75,460.6099853515625,3655200,,
2024-10-24,460.8999938964844,461.04998779296875,453.9599914550781,457.7699890136719,3793500,,
2024-10-25,458.6000061035156,459.45001220703125,453.0299987792969,454.010009765625,2838900,,
2024-10-28,455.5899963378906,459.239990234375,455.0,458.489990234375,4103400,458.33439880371094,
2024-10-29,458.6000061035156,458.9200134277344,454.3900146484375,454.6199951171875,3985200,458.45139892578123,
2024-10-30,454.6700134277344,457.6700134277344,453.82000732421875,454.9599914550781,2692100,458.5833990478516,
2024-10-31,455.19000244140625,456.8399963378906,450.57000732421875,450.9200134277344,3660300,458.66979919433595,
2024-11-01,451.489990234375,455.1199951171875,450.70001220703125,452.1400146484375,2971300,458.73199951171875,
2024-11-04,450.3699951171875,450.70001220703125,437.8999938964844,442.2900085449219,5733200,458.51019958496096,
2024-11-05,442.2900085449219,445.2300109863281,441.1000061035156,445.05999755859375,3154400,458.3215997314453,
2024-11-06,461.0,469.260009765625,459.4800109863281,468.8999938964844,6906800,458.48699951171875,
2024-11-07,468.2699890136719,468.4599914550781,460.1000061035156,460.1300048828125,4238000,458.3977996826172,
2024-11-08,461.9800109863281,466.3500061035156,459.5,463.4100036621094,3541300,458.2985998535156,
2024-11-11,466.010009765625,470.510009765625,464.0,467.3599853515625,4119100,458.12739929199216,
2024-11-12,467.69000244140625,468.4200134277344,465.1499938964844,466.2900085449219,4400500,457.91659973144533,
2024-11-13,466.4100036621094,468.3999938964844,464.0,468.1000061035156,2861700,457.70719970703124,
2024-11-14,468.80999755859375,469.45001220703125,466.0,467.70001220703125,3777300,457.7627996826172,
2024-11-15,466.739990234375,472.260009765625,465.19000244140625,470.2799987792969,5817700,457.9799993896484,
2024-11-18,470.9800109863281,472.6700134277344,468.3599853515625,472.20001220703125,3357100,458.2317999267578,
2024-11-19,470.7699890136719,470.7699890136719,465.010009765625,468.8599853515625,3656200,458.4305993652344,
2024-11-20,470.0,470.6099853515625,466.1099853515625,468.8299865722656,3019500,458.74519897460937,
2024-11-21,469.45001220703125,474.6600036621094,467.0,472.05999755859375,4116800,459.1689990234375,
2024-11-22,472.2699890136719,477.44000244140625,471.6099853515625,476.57000732421875,3885200,459.7481994628906,
2024-11-25,479.1300048828125,482.5,476.7900085449219,477.42999267578125,5246600,460.2611993408203,
2024-11-26,478.20001220703125,479.3999938964844,472.8500061035156,478.55999755859375,3332000,460.69879943847656,
2024-11-27,481.0,491.6700134277344,480.8699951171875,483.0799865722656,5359300,461.22839904785155,
2024-11-29,485.3699951171875,486.010009765625,482.04998779296875,483.0199890136719,2969700,461.6945989990234,
2024-12-02,484.79998779296875,485.0899963378906,474.75,477.3299865722656,5031500,462.1349987792969,
2024-12-03,478.1600036621094,478.29998779296875,468.80999755859375,470.19000244140625,4931600,462.43919860839844,
2024-12-04,471.0899963378906,471.3399963378906,466.5,468.32000732421875,3941100,462.71439880371094,
2024-12-05,468.7799987792969,472.739990234375,468.7200012207031,470.57000732421875,3320200,463.07859924316404,
2024-12-06,470.5799865722656,472.0799865722656,467.82000732421875,470.5,3270900,463.4049993896484,
2024-12-09,470.6000061035156,471.70001220703125,463.4200134277344,463.8699951171875,3748200,463.53299926757813,
2024-12-10,464.4200134277344,464.989990234375,459.5,462.489990234375,3648500,463.5775988769531,
2024-12-11,463.3299865722656,465.4800109863281,458.7699890136719,461.3900146484375,3876900,463.6571990966797,
2024-12-12,462.1600036621094,463.57000732421875,458.0799865722656,458.6300048828125,2571300,463.69639892578124,
2024-12-13,460.510009765625,460.510009765625,457.010009765625,457.8999938964844,3474300,463.7951989746094,
2024-12-16,459.1700134277344,460.4200134277344,454.5799865722656,455.20001220703125,4514000,463.65979919433596,
2024-12-17,454.70001220703125,456.6199951171875,452.05999755859375,455.6600036621094,5057500,463.70299926757815,
2024-12-18,457.05999755859375,458.7300109863281,446.0899963378906,446.5899963378906,4361900,463.55879943847657,
2024-12-19,451.7300109863281,453.79998779296875,448.8900146484375,449.3399963378906,4645200,463.4275994873047,
2024-12-20,449.1099853515625,458.6499938964844,447.19000244140625,453.20001220703125,12943900,463.3929998779297,
2024-12-23,453.19000244140625,454.54998779296875,449.82000732421875,454.3500061035156,3836000,463.27580017089844,
2024-12-24,455.4100036621094,458.989990234375,454.07000732421875,458.6600036621094,1761200,463.24940002441406,
2024-12-26,457.2699890136719,459.4800109863281,455.79998779296875,459.0799865722656,2159600,463.1773999023437,
2024-12-27,457.29998779296875,461.1300048828125,454.4800109863281,456.510009765625,3237700,462.9938000488281,
2024-12-30,454.25,454.69000244140625,449.17999267578125,452.1600036621094,2831400,462.72,
2024-12-31,452.2099914550781,454.3299865722656,451.1099853515625,453.2799987792969,3380700,462.4896002197266,
2025-01-02,455.9599914550781,456.8900146484375,450.0299987792969,451.1000061035156,3746400,462.2284002685547,
2025-01-03,452.5299987792969,454.5299987792969,450.1199951171875,453.55999755859375,2884600,462.07059997558594,
2025-01-06,453.8500061035156,456.239990234375,450.57000732421875,451.4100036621094,4072900,461.88660034179685,
2025-01-07,452.79998779296875,456.5199890136719,451.1000061035156,452.9200134277344,3507200,461.78960083007814,
2025-01-08,453.6300048828125,454.0,449.6300048828125,451.8399963378906,3933300,461.74620056152344,
2025-01-10,452.6600036621094,453.0,440.1000061035156,442.6600036621094,5471900,461.42960083007813,
2025-01-13,442.0400085449219,445.0,441.1499938964844,443.9100036621094,3639200,461.21540100097656,
2025-01-14,445.5,450.29998779296875,443.9200134277344,450.0299987792969,4055600,461.11680114746093,
2025-01-15,455.54998779296875,459.0899963378906,453.2699890136719,458.510009765625,4719400,461.26860107421874,
2025-01-16,458.92999267578125,462.9599914550781,458.29998779296875,462.80999755859375,3475700,461.48200073242185,
2025-01-17,464.7099914550781,470.17999267578125,462.45001220703125,467.95001220703125,6467000,461.99520080566407,
2025-01-21,471.0,473.1700134277344,467.7200012207031,468.57000732421875,4910200,462.46540100097656,
2025-01-22,468.5899963378906,468.8900146484375,455.2799987792969,460.510009765625,5838500,462.2976013183594,
2025-01-23,461.67999267578125,464.760009765625,458.0,459.8299865722656,4424500,462.2916009521484,
2025-01-24,459.20001220703125,463.80999755859375,457.0799865722656,463.19000244140625,3070300,462.2872009277344,
2025-01-27,464.29998779296875,474.92999267578125,464.29998779296875,474.70001220703125,4535600,462.43400146484373,
2025-01-28,473.92999267578125,473.92999267578125,469.29998779296875,469.9700012207031,3261300,462.5076013183594,
2025-01-29,469.8800048828125,473.9200134277344,468.0,469.260009765625,2524200,462.5308013916016,
2025-01-30,472.20001220703125,474.05999755859375,469.1499938964844,472.3500061035156,2552200,462.62380126953127,
2025-01-31,471.8399963378906,472.54998779296875,467.010009765625,468.6700134277344,5439800,462.5916015625,
2025-02-03,461.29998779296875,466.739990234375,454.6000061035156,464.6099853515625,4232000,462.43980102539064,
2025-02-04,464.94000244140625,467.9100036621094,462.70001220703125,467.489990234375,3238400,462.4124011230469,
2025-02-05,469.80999755859375,474.239990234375,468.8900146484375,473.7300109863281,3782800,462.5104016113281,
2025-02-06,475.4599914550781,478.0,473.2799987792969,477.2200012207031,3832700,462.6136016845703,
2025-02-07,477.4100036621094,478.25,472.3399963378906,472.739990234375,3205100,462.53700134277346,
2025-02-10,473.9599914550781,474.20001220703125,469.3699951171875,470.1700134277344,2907300,462.3918017578125,
2025-02-11,470.04998779296875,473.04998779296875,466.7200012207031,472.6099853515625,2322600,462.2728015136719,
2025-02-12,470.44000244140625,472.1499938964844,468.0899963378906,471.7300109863281,3297600,462.0458020019531,
2025-02-13,471.54998779296875,481.19000244140625,471.20001220703125,480.489990234375,3274700,461.99520202636717,
2025-02-14,481.4700012207031,484.54998779296875,479.45001220703125,479.5899963378906,2825800,462.0404022216797,
2025-02-18,480.3999938964844,484.05999755859375,477.6300048828125,482.82000732421875,3351000,462.2930023193359,
2025-02-19,482.82000732421875,484.7200012207031,480.67999267578125,483.7699890136719,2436500,462.602001953125,
2025-02-20,484.1300048828125,484.20001220703125,478.1400146484375,481.79998779296875,2651000,462.8266015625,
2025-02-21,480.95001220703125,483.6400146484375,477.739990234375,478.739990234375,4085100,462.9914013671875,
2025-02-24,483.5,503.9599914550781,483.239990234375,498.4200134277344,9862400,463.6824017333984,
2025-02-25,503.1499938964844,507.0,491.8999938964844,499.82000732421875,6757500,464.4290020751953,
2025-02-26,499.1199951171875,499.8999938964844,493.04998779296875,494.1000061035156,3543500,465.08320190429686,
2025-02-27,496.45001220703125,504.95001220703125,495.6099853515625,502.4100036621094,4507700,465.9588018798828,
2025-02-28,507.4599914550781,515.3699951171875,504.3299865722656,513.8300170898438,6850300,467.07740234375,
2025-03-03,516.219970703125,518.77001953125,506.4800109863281,510.0799865722656,5112300,468.1750018310547,
2025-03-04,507.2699890136719,508.7300109863281,493.6099853515625,495.8599853515625,6126600,468.97900146484375,
2025-03-05,496.0,500.92999267578125,492.32000732421875,498.5,4715800,470.01720153808594,
2025-03-06,496.8399963378906,499.1000061035156,491.6300048828125,497.8399963378906,3989700,470.9872015380859,
2025-03-07,496.2900085449219,498.2699890136719,490.1099853515625,495.6199951171875,3842200,471.8356011962891,
2025-03-10,490.0,500.45001220703125,490.0,497.1000061035156,6262000,472.69060119628904,
2025-03-11,496.0,499.1499938964844,491.30999755859375,496.25,5358300,473.44240112304686,
2025-03-12,497.6000061035156,498.32000732421875,488.75,495.94000244140625,3871100,474.1796014404297,
2025-03-13,496.4599914550781,507.3999938964844,494.75,504.25,5104200,475.1344012451172,
2025-03-14,506.95001220703125,515.8400268554688,502.9200134277344,514.5999755859375,5775600,476.38320068359377,
2025-03-17,514.6199951171875,524.7100219726562,513.2100219726562,523.010009765625,5343400,477.7778009033203,
2025-03-18,525.4500122070312,528.3800048828125,521.4199829101562,523.1400146484375,4857800,479.2186010742187,
2025-03-19,525.6900024414062,526.7100219726562,520.6599731445312,525.27001953125,3798000,480.6528015136719,
2025-03-20,524.0,530.6099853515625,522.6699829101562,528.72998046875,4065400,482.1992010498047,
2025-03-21,528.3099975585938,528.9600219726562,520.72998046875,521.9099731445312,8546300,483.5790002441406,
2025-03-24,523.0999755859375,527.2999877929688,521.47998046875,525.8499755859375,4858900,485.05919982910154,
2025-03-25,527.1799926757812,533.2899780273438,525.8800048828125,528.8699951171875,3964800,486.7833996582031,
2025-03-26,531.0,537.6300048828125,530.97998046875,533.2100219726562,5004400,488.56940002441405,
2025-03-27,533.25,537.3800048828125,529.3499755859375,534.52001953125,5154600,490.25920043945314,
2025-03-28,535.3499755859375,536.0,524.6799926757812,526.3099975585938,5321400,491.6152001953125,
2025-03-31,521.4000244140625,536.52001953125,519.0,532.5800170898438,7139300,493.0106005859375,
2025-04-01,531.8800048828125,536.4099731445312,527.5,532.989990234375,4130600,494.3114001464844,
2025-04-02,532.1300048828125,539.0,530.8200073242188,537.719970703125,4079000,495.6943994140625,
2025-04-03,527.6199951171875,538.7999877929688,525.1400146484375,530.1599731445312,6410900,497.08739868164065,
2025-04-04,519.0,521.0,492.9800109863281,493.5400085449219,12605000,497.76159912109375,
2025-04-07,467.4200134277344,505.8500061035156,462.1000061035156,490.3800048828125,12749700,498.3053991699219,
2025-04-08,509.0299987792969,516.0,484.19000244140625,492.6400146484375,9470100,498.66419921875,
2025-04-09,490.0,523.9299926757812,485.55999755859375,521.4099731445312,10153700,499.69299865722655,
2025-04-10,518.2999877929688,521.4099731445312,498.6099853515625,515.8099975585938,7475900,500.6239984130859,
2025-04-11,515.0,526.5800170898438,510.7699890136719,524.1099853515625,6231000,501.65919799804686,
2025-04-14,531.0,536.52001953125,526.97998046875,529.52001953125,5512100,502.8761981201172,
2025-04-15,532.6199951171875,535.9199829101562,527.3599853515625,528.1699829101562,4329200,504.14739807128905,
2025-04-16,529.2999877929688,530.1300048828125,512.8900146484375,516.4500122070312,5889300,505.1265985107422,
2025-04-17,518.9000244140625,523.8800048828125,514.5700073242188,518.2100219726562,5322200,506.0161987304688,
2025-04-21,517.530029296875,518.6699829101562,498.0799865722656,506.9200134277344,4908400,506.6101989746094,
2025-04-22,514.22998046875,522.219970703125,511.6499938964844,520.7899780273438,4768500,507.5711987304687,
2025-04-23,527.5,532.27001953125,523.8900146484375,526.8099975585938,4294500,508.7039984130859,
2025-04-24,526.8099975585938,533.1300048828125,523.1599731445312,531.6400146484375,3173400,509.8845989990234,
2025-04-25,531.75,532.4400024414062,526.7899780273438,530.9600219726562,2742800,511.06919921875,
2025-04-28,533.6300048828125,536.8200073242188,526.5800170898438,530.9400024414062,4238700,512.0781994628907,
2025-04-29,531.0,535.3400268554688,528.2899780273438,534.5700073242188,3177700,513.1777996826172,
2025-04-30,531.510009765625,535.719970703125,524.0,533.25,5251600,514.1863995361329,
2025-05-01,531.0,533.27001953125,528.2999877929688,530.22998046875,4693100,515.1155993652344,
2025-05-02,536.75,542.0700073242188,535.260009765625,539.7999877929688,4945600,516.2755993652344,
2025-05-05,520.0800170898438,521.1799926757812,502.79998779296875,512.1500244140625,16380200,516.9438000488282,
2025-05-06,509.57000732421875,515.75,507.989990234375,512.3300170898438,6088600,517.2220001220703,
2025-05-07,515.02001953125,520.25,513.0,518.219970703125,5573800,517.5899993896485,
2025-05-08,520.97998046875,521.260009765625,513.0399780273438,513.25,5018600,517.9729992675781,
2025-05-09,514.25,515.9099731445312,510.25,513.739990234375,3621400,518.1995989990235,
2025-05-12,520.2999877929688,520.2999877929688,510.25,514.2999877929688,6368000,518.208998413086,
2025-05-13,515.6400146484375,515.75,511.79998779296875,511.8800048828125,4504100,518.2449987792969,
2025-05-14,511.8500061035156,511.8500061035156,502.79998779296875,503.3999938964844,6384100,518.3957989501953,
2025-05-15,502.3800048828125,509.7799987792969,501.6199951171875,507.3299865722656,5040900,518.5723986816406,
2025-05-16,509.6300048828125,514.3300170898438,506.79998779296875,514.3099975585938,4997300,518.9017987060547,
2025-05-19,513.6199951171875,513.7899780273438,510.1000061035156,512.3900146484375,3441500,519.2371990966797,
2025-05-20,511.1099853515625,512.0800170898438,506.54998779296875,508.739990234375,3737000,519.4699987792969,
2025-05-21,507.4100036621094,510.0,505.3999938964844,507.0299987792969,3815800,519.6855987548828,
2025-05-22,505.1000061035156,507.3999938964844,502.6400146484375,503.57000732421875,3244800,519.8381988525391,
2025-05-23,501.010009765625,505.5,500.25,503.4599914550781,3166800,519.8223986816406,
2025-05-27,506.42999267578125,509.75,505.010009765625,509.1600036621094,4928300,519.713599243164,
2025-05-28,508.3900146484375,509.1000061035156,502.8299865722656,503.1099853515625,3613900,519.3155987548828,
2025-05-29,504.0,506.54998779296875,501.20001220703125,506.17999267578125,3656000,518.9763983154297,
2025-05-30,505.19000244140625,505.7200012207031,500.19000244140625,503.9599914550781,9153100,518.5501977539062,
2025-06-02,501.70001220703125,503.2300109863281,499.4700012207031,502.80999755859375,4914000,518.0317980957032,
2025-06-03,501.0,502.7900085449219,493.510009765625,497.8299865722656,5923100,517.5501983642578,
2025-06-04,496.94000244140625,496.989990234375,490.8800048828125,491.0,5297600,516.8531988525391,
2025-06-05,490.75,491.0,485.6000061035156,488.739990234375,5154900,516.0505987548828,480.6494995117188
2025-06-06,491.6300048828125,496.1000061035156,491.6300048828125,493.5299987792969,3948300,515.2569982910156,480.87329956054685
2025-06-09,493.70001220703125,494.5299987792969,488.8800048828125,493.3299865722656,3987500,514.4331976318359,481.09814956665036
2025-06-10,492.6600036621094,492.8999938964844,489.5,491.1300048828125,3951500,513.7295977783203,481.3207995605469
2025-06-11,491.04998779296875,492.25,486.6700134277344,488.1400146484375,4595900,512.8407977294922,481.51634963989255
2025-06-12,486.239990234375,490.44000244140625,483.7799987792969,490.3399963378906,3535200,511.9877978515625,481.70114959716796
2025-06-13,486.2699890136719,491.0799865722656,485.8500061035156,487.5400085449219,4001000,510.98419860839846,481.8663996887207
2025-06-16,489.7300109863281,491.8500061035156,488.5400085449219,490.2300109863281,3937600,510.1855993652344,482.01439971923827
2025-06-17,489.1099853515625,489.3999938964844,483.25,483.4800109863281,3956300,509.9843994140625,482.10884979248044
2025-06-18,484.1000061035156,486.70001220703125,482.75,485.1400146484375,4893600,509.879599609375,482.19269989013674
2025-06-20,484.95001220703125,486.67999267578125,483.42999267578125,484.8500061035156,7620400,509.7237994384766,482.23734985351564
2025-06-23,485.4200134277344,488.5,481.7200012207031,487.7699890136719,4141000,509.0509997558594,482.2920498657227
2025-06-24,489.42999267578125,497.739990234375,488.8900146484375,493.4800109863281,5111700,508.6044000244141,482.3665998840332
2025-06-25,494.5,496.0,486.1400146484375,486.2099914550781,4260600,507.84640014648437,482.4730497741699
2025-06-26,486.5400085449219,487.9800109863281,484.25,485.04998779296875,4212900,506.9569995117188,482.6011996459961
2025-06-27,485.7699890136719,489.67999267578125,484.3999938964844,485.67999267578125,6129300,506.10719970703127,482.7315496826172
2025-06-30,485.8999938964844,487.6499938964844,483.44000244140625,485.7699890136719,6384300,505.49359924316406,482.86579956054686
2025-07-01,485.7799987792969,491.0899963378906,483.79998779296875,489.6099853515625,4776000,504.9215985107422,483.0483494567871
2025-07-02,489.42999267578125,489.92999267578125,478.6199951171875,480.4800109863281,6707200,504.3927984619141,483.1963995361328
2025-07-03,480.8900146484375,486.54998779296875,480.3599853515625,485.0,3443300,503.6769989013672,483.383349609375
2025-07-07,484.4200134277344,486.0799865722656,476.79998779296875,478.0299987792969,4674400,502.70139892578123,483.514599609375
2025-07-08,477.3500061035156,480.0,473.5799865722656,477.4700012207031,4116200,501.61799865722656,483.6185496520996
2025-07-09,477.0,479.489990234375,475.8299865722656,478.9100036621094,3367400,500.5769982910156,483.73009963989256
2025-07-10,477.8699951171875,478.54998779296875,475.5,478.2699890136719,4573300,499.52359802246093,483.82289962768556
2025-07-11,476.25,476.8500061035156,471.3999938964844,475.8599853515625,4416600,498.3493975830078,483.9256495666504
2025-07-14,474.32000732421875,478.1300048828125,473.4599914550781,476.30999755859375,4294700,497.21059753417967,484.03229949951174
2025-07-15,475.29998779296875,475.7200012207031,470.0,470.1300048828125,4482300,496.00859802246094,484.11014953613284
2025-07-16,471.20001220703125,472.9200134277344,468.8800048828125,471.30999755859375,3796900,494.63879821777346,484.204899597168
2025-07-17,470.07000732421875,474.1499938964844,467.6499938964844,473.3999938964844,4040000,493.8637976074219,484.30099960327146
2025-07-18,474.0,478.6400146484375,473.5,473.79998779296875,4015800,493.0931970214844,484.3826495361328
2025-07-21,473.0400085449219,478.3500061035156,472.0,474.4100036621094,3791300,492.21699768066406,484.4533995056152
2025-07-22,475.5,483.1400146484375,475.0,478.1300048828125,4521500,491.5145977783203,484.55699951171874
2025-07-23,480.25,484.45001220703125,479.20001220703125,482.6300048828125,4385600,490.89239807128905,484.68679946899414
2025-07-24,482.6700134277344,486.1700134277344,480.6000061035156,480.6000061035156,5044800,490.2183984375,484.82499954223636
2025-07-25,481.6700134277344,484.92999267578125,479.6600036621094,484.07000732421875,4220500,489.6621984863281,484.9354995727539
2025-07-28,484.3500061035156,486.8999938964844,481.1000061035156,481.70001220703125,3626100,489.22819885253904,485.07649963378907
2025-07-29,482.57000732421875,485.0,476.2799987792969,476.55999755859375,4193200,488.6127990722656,485.1902996826172
2025-07-30,475.1300048828125,479.4100036621094,473.8800048828125,476.0,3803000,487.84659912109373,485.2907997131348
2025-07-31,472.6099853515625,477.70001220703125,471.8800048828125,471.8800048828125,6315300,487.03639892578127,485.37554977416994
2025-08-01,473.4700012207031,475.9599914550781,470.6199951171875,472.8399963378906,5287500,486.3183990478516,485.43869979858397
2025-08-04,468.04998779296875,468.8699951171875,455.19000244140625,459.1099853515625,10874300,485.35999877929686,485.43434967041014
2025-08-05,460.6000061035156,467.5799865722656,460.3800048828125,464.19000244140625,6780700,484.5723986816406,485.4418997192383
2025-08-06,465.0,469.54998779296875,463.0,468.9100036621094,4557100,483.88139892578124,485.4579997253418
2025-08-07,469.20001220703125,472.70001220703125,461.3699951171875,461.4700012207031,5755700,482.92759887695314,485.43609970092774
2025-08-08,462.94000244140625,465.8299865722656,462.54998779296875,465.3999938964844,3330600,482.17339904785155,485.4390997314453
2025-08-11,466.4599914550781,468.489990234375,463.5,464.7300109863281,3712100,481.3443994140625,485.4419497680664
2025-08-12,465.5299987792969,472.4700012207031,465.05999755859375,470.3900146484375,3767300,480.67299987792967,485.4866497802734
2025-08-13,471.70001220703125,479.6000061035156,471.5,477.30999755859375,4629400,480.1629998779297,485.5701498413086
2025-08-14,478.3500061035156,479.2200012207031,474.4200134277344,479.2200012207031,4187100,479.7908001708984,485.6773999023437
2025-08-15,482.3500061035156,482.4800109863281,476.2900085449219,477.20001220703125,5229800,479.5148004150391,485.7933499145508
2025-08-18,477.9700012207031,479.0,474.6600036621094,478.5199890136719,3911300,479.310400390625,485.89349990844727
2025-08-19,479.7699890136719,485.8999938964844,479.7699890136719,485.30999755859375,4726400,479.14600036621096,486.0469499206543
2025-08-20,487.0,492.2200012207031,485.8299865722656,488.67999267578125,4779800,479.05300048828127,486.21554992675783
2025-08-21,487.239990234375,489.04998779296875,483.67999267578125,488.5899963378906,3082200,479.0022003173828,486.4038998413086
2025-08-22,491.5,493.1400146484375,486.57000732421875,489.0,4205100,479.01940002441404,486.58819976806643
2025-08-25,489.010009765625,489.0199890136719,481.8299865722656,486.17999267578125,3935100,478.9361999511719,486.8076496887207
2025-08-26,485.0199890136719,492.7900085449219,484.5299987792969,492.2099914550781,8217500,479.029599609375,487.0433996582031
2025-08-27,491.0799865722656,497.2099914550781,490.6000061035156,495.7200012207031,4385900,479.1393994140625,487.17749969482423
2025-08-28,498.0299987792969,500.1400146484375,496.07000732421875,499.8599853515625,4530400,479.46699890136716,487.37614959716797
2025-08-29,500.8500061035156,506.7200012207031,500.8500061035156,502.9800109863281,4663600,479.823798828125,487.5739996337891
2025-09-02,504.239990234375,505.8999938964844,497.6199951171875,501.1400146484375,4977800,480.14959899902345,487.74289978027343
2025-09-03,499.54998779296875,502.1099853515625,496.5899963378906,501.489990234375,3206200,480.4239990234375,487.9188996887207
2025-09-04,502.8999938964844,507.3800048828125,501.260009765625,506.9100036621094,2976700,480.6925988769531,488.11294967651367
2025-09-05,506.0,507.6600036621094,497.75,499.7699890136719,4222900,480.963798828125,488.2732995605469
2025-09-08,499.0,499.6499938964844,493.4599914550781,493.7799987792969,5146300,481.1383990478516,488.3907995605469
2025-09-09,492.45001220703125,496.8500061035156,491.7200012207031,492.7200012207031,3748700,481.27919921875,488.49339950561523
2025-09-10,490.0,491.70001220703125,486.2699890136719,490.0799865722656,5561600,481.3653991699219,488.59949951171876
2025-09-11,489.3299865722656,497.239990234375,489.0299987792969,496.9100036621094,3669000,481.5113995361328,488.73989959716795
2025-09-12,495.75,497.6300048828125,493.3399963378906,493.739990234375,2951700,481.77659912109374,488.8482995605469
2025-09-15,493.6000061035156,495.2699890136719,489.5,491.5400085449219,3629800,481.9073992919922,488.9231495666504
2025-09-16,491.2699890136719,491.9200134277344,487.20001220703125,490.989990234375,4070000,482.1665991210937,488.9909495544434
2025-09-17,490.94000244140625,495.989990234375,490.29998779296875,492.3299865722656,5060700,482.463798828125,489.0597994995117
2025-09-18,489.6400146484375,494.8800048828125,488.0,490.5,4058900,482.69559875488284,489.0968995666504
2025-09-19,491.8699951171875,494.5,488.8800048828125,492.8500061035156,7356300,482.98719909667966,489.14604965209963
2025-09-22,490.57000732421875,494.7099914550781,489.2300109863281,493.7099914550781,3582900,483.34419921875,489.2279496765137
2025-09-23,493.7699890136719,499.2799987792969,493.5199890136719,494.1000061035156,3933200,483.69999938964844,489.3474996948242
2025-09-24,493.29998779296875,497.1600036621094,493.1099853515625,497.0899963378906,2811500,484.23919921875,489.4913496398926
2025-09-25,496.1499938964844,499.0,494.7300109863281,494.9599914550781,4056100,484.7121990966797,489.61329956054686
2025-09-26,496.94000244140625,502.1000061035156,496.6499938964844,500.0299987792969,3707600,485.24479919433594,489.76094955444336
2025-09-29,500.0,500.25,495.0199890136719,499.25,5161900,485.75379943847656,489.9378495788574
2025-09-30,497.6400146484375,503.7799987792969,497.0,502.739990234375,3873500,486.32039916992187,490.13909957885744
2025-10-01,502.5,502.8699951171875,495.8999938964844,498.20001220703125,4481100,486.72179931640625,490.3231495666504
2025-10-02,496.9599914550781,499.6099853515625,493.2200012207031,495.9200134277344,3461400,486.9875994873047,490.509599609375
2025-10-03,495.8999938964844,502.54998779296875,495.04998779296875,498.75,4678800,487.35059936523436,490.7138496398926
2025-10-06,499.5,504.9700012207031,498.0199890136719,500.0199890136719,3519500,487.66959899902344,490.9379495239258
2025-10-07,500.1600036621094,504.4599914550781,498.6099853515625,502.29998779296875,3057400,488.0815985107422,491.17114944458007
2025-10-08,502.7099914550781,503.5,498.55999755859375,499.8399963378906,2944600,488.5471984863281,491.4373994445801
2025-10-09,499.9800109863281,501.2200012207031,494.510009765625,496.739990234375,3172200,488.9619982910156,491.6743994140625
2025-10-10,497.25,497.989990234375,489.05999755859375,489.1300048828125,4763800,489.30699829101565,491.8540493774414
2025-10-13,488.1499938964844,493.79998779296875,487.82000732421875,491.92999267578125,3183500,489.6887982177734,492.04194931030275
2025-10-14,490.0,497.05999755859375,489.95001220703125,495.9700012207031,3056000,490.4259985351562,492.2284992980957
2025-10-15,493.8999938964844,496.7300109863281,490.3500061035156,496.3900146484375,3566200,491.0699987792969,492.41504943847656
2025-10-16,495.6000061035156,496.0,485.79998779296875,488.80999755859375,4254300,491.4679986572266,492.5765493774414
2025-10-17,490.0,493.45001220703125,489.25,492.4200134277344,3794300,492.08699890136717,492.77784942626954
2025-10-20,492.3599853515625,494.4200134277344,490.32000732421875,494.0799865722656,4605300,492.6605987548828,492.9818493652344
2025-10-21,493.70001220703125,495.70001220703125,491.25,491.2900085449219,2714500,493.19179870605467,493.1827993774414
2025-10-22,491.7300109863281,492.9800109863281,488.19000244140625,491.80999755859375,3376000,493.6201983642578,493.3740493774414
2025-10-23,492.19000244140625,492.45001220703125,488.1099853515625,490.1600036621094,3063000,493.8771984863281,493.5677993774414
2025-10-24,490.9100036621094,492.9800109863281,489.3999938964844,492.1000061035156,3166800,494.1347985839844,493.7636993408203
2025-10-27,491.9200134277344,492.29998779296875,484.54998779296875,488.07000732421875,6451500,494.3521984863281,493.94484939575193
2025-10-28,484.9599914550781,485.6700134277344,481.1099853515625,481.44000244140625,5029100,494.4105987548828,494.1387493896484
2025-10-29,477.32000732421875,478.79998779296875,473.7200012207031,475.760009765625,6204500,494.21959899902345,494.29799942016604
2025-10-30,474.8399963378906,480.9100036621094,474.8399963378906,478.5199890136719,4786600,494.01639892578123,494.4404493713379
2025-10-31,476.79998779296875,478.7099914550781,475.30999755859375,477.5400085449219,7146400,493.7953991699219,494.53559936523436
2025-11-03,479.510009765625,479.989990234375,473.1499938964844,475.67999267578125,5868100,493.5289990234375,494.59994934082033
2025-11-04,475.5,488.7900085449219,475.5,487.6600036621094,7803200,493.55859924316405,494.6984992980957
2025-11-05,487.3399963378906,493.8900146484375,487.3399963378906,488.7699890136719,6551200,493.48979919433594,494.799499206543
2025-11-06,490.0,494.0299987792969,486.75,493.1499938964844,4964700,493.4383990478516,494.96269912719725
2025-11-07,494.92999267578125,500.1600036621094,493.3500061035156,499.05999755859375,6377800,493.4223992919922,495.1588491821289
2025-11-10,497.0799865722656,501.2799987792969,495.1300048828125,496.9800109863281,5084000,493.3023992919922,495.3277992248535
2025-11-11,498.5899963378906,499.69000244140625,494.20001220703125,497.07000732421875,2960200,493.2209991455078,495.4396492004395
2025-11-12,497.1600036621094,504.45001220703125,496.989990234375,502.3999938964844,5456000,493.23919921875,495.6017991638184
2025-11-13,504.82000732421875,514.260009765625,504.82000732421875,513.1099853515625,7340700,493.3631988525391,495.82104904174804
2025-11-14,514.7000122070312,516.5499877929688,506.3500061035156,508.94000244140625,5462500,493.5465991210938,496.0039990234375
2025-11-17,510.7300109863281,511.260009765625,502.8399963378906,503.260009765625,5371000,493.7361993408203,496.17694900512697
2025-11-18,503.3900146484375,506.6400146484375,500.6000061035156,504.3699951171875,5457400,493.96919921875,496.3757490539551
2025-11-19,503.69000244140625,504.25,495.54998779296875,501.260009765625,4695000,494.1927996826172,496.54459915161135
2025-11-20,501.1099853515625,506.45001220703125,500.80999755859375,501.1199951171875,5486900,494.27699951171877,496.6815490722656
2025-11-21,503.2799987792969,507.8399963378906,502.489990234375,504.0400085449219,6059000,494.4829998779297,496.8156491088867
2025-11-24,501.8999938964844,509.20001220703125,497.1700134277344,507.80999755859375,13404500,494.80839965820314,496.9909991455078
2025-11-25,508.92999267578125,512.3599853515625,506.8599853515625,508.57000732421875,4064000,495.16,497.18299911499025
2025-11-26,509.25,512.7000122070312,507.6499938964844,511.2300109863281,3686700,495.5380004882812,497.37609924316405
2025-11-28,511.8900146484375,516.8499755859375,511.55999755859375,513.8099975585938,2312200,496.00420043945314,497.58649917602537
2025-12-01,513.6500244140625,514.489990234375,508.17999267578125,508.54998779296875,3995200,496.31820007324217,497.7267991638184
2025-12-02,507.5899963378906,508.1099853515625,503.1099853515625,506.6499938964844,3378000,496.57700012207033,497.86209915161135
2025-12-03,507.5199890136719,509.6000061035156,503.6000061035156,503.6000061035156,3803200,496.7670001220703,497.9659991455078
2025-12-04,504.3800048828125,506.5,500.70001220703125,503.2300109863281,3574800,496.8898004150391,498.0632992553711
2025-12-05,503.8599853515625,505.760009765625,500.5400085449219,504.3399963378906,3463700,497.0774005126953,498.1759992980957
2025-12-08,502.1000061035156,502.9700012207031,490.6199951171875,497.2300109863281,7032200,497.02140075683593,498.2684494018555
2025-12-09,497.6300048828125,499.2200012207031,490.8299865722656,491.42999267578125,4574000,496.86500061035156,498.2334992980957
2025-12-10,490.8599853515625,495.8800048828125,488.9200134277344,490.42999267578125,4558800,496.61880065917967,498.18654922485354
2025-12-11,491.8299865722656,498.1499938964844,491.8299865722656,495.8500061035156,4493400,496.57180053710937,498.1952992248535
2025-12-12,496.7099914550781,500.0,494.5,499.5199890136719,4113700,496.6438000488281,498.1808491516113
2025-12-15,500.4200134277344,506.6199951171875,500.2799987792969,506.3800048828125,5173900,496.79640014648436,498.1435990905762
2025-12-16,507.04998779296875,508.1000061035156,499.4599914550781,499.8399963378906,4376700,496.79280029296876,498.0923991394043
2025-12-17,499.8999938964844,505.19000244140625,499.5,504.2699890136719,4128600,496.8322003173828,498.13444915771487
2025-12-18,502.2300109863281,505.42999267578125,501.010009765625,503.3900146484375,3646700,496.90320068359375,498.15889923095705
2025-12-19,503.04998779296875,503.82000732421875,494.5299987792969,494.5299987792969,14652800,496.8590008544922,498.14234924316406
2025-12-22,496.3399963378906,500.30999755859375,495.54998779296875,499.95001220703125,4070000,497.07540100097657,498.1639993286133
2025-12-23,500.4800109863281,502.3299865722656,498.1600036621094,500.510009765625,3680800,497.24700134277344,498.1810493469238
2025-12-24,500.2900085449219,501.510009765625,499.25,501.3399963378906,2000200,497.3544012451172,498.2064993286133
2025-12-26,500.45001220703125,501.55999755859375,496.8299865722656,498.29998779296875,2247600,497.3926007080078,498.2182992553711
2025-12-29,499.20001220703125,501.5,497.2099914550781,501.04998779296875,3056200,497.6374005126953,498.2022991943359
2025-12-30,500.9800109863281,505.1099853515625,500.3299865722656,503.7099914550781,2897100,497.8632000732422,498.14784927368163
2025-12-31,503.9200134277344,505.8900146484375,502.4800109863281,502.6499938964844,3105200,498.03460021972654,498.0460491943359
2026-01-02,500.9599914550781,501.8800048828125,492.9100036621094,496.8500061035156,5876600,498.14580017089844,497.91459915161136
2026-01-05,494.94000244140625,503.42999267578125,494.5,498.5199890136719,5145300,498.28,497.7808489990234
2026-01-06,496.79998779296875,500.6700134277344,496.05999755859375,499.04998779296875,4040000,498.4577996826172,497.6324490356445
2026-01-07,497.8800048828125,499.1499938964844,493.0899963378906,496.1199951171875,4445100,498.53819946289065,497.5034991455078
2026-01-08,494.9700012207031,504.0799865722656,494.1099853515625,499.7699890136719,4807700,498.7721990966797,497.3730992126465
2026-01-09,498.94000244140625,500.2799987792969,496.4100036621094,499.1000061035156,3432100,499.1253991699219,497.2242492675781
2026-01-12,497.3999938964844,500.0199890136719,495.1000061035156,498.6700134277344,4209300,499.5835992431641,497.0515492248535
2026-01-13,497.6199951171875,498.0,493.3399963378906,495.239990234375,4257600,499.9179992675781,496.85514907836915
2026-01-14,494.1700134277344,497.6199951171875,492.0,493.1499938964844,5033700,500.2301989746094,496.6893490600586
2026-01-15,492.95001220703125,495.6300048828125,490.75,492.6199951171875,4165200,500.5689990234375,496.4895489501953
2026-01-16,491.6700134277344,495.1600036621094,490.8999938964844,493.2900085449219,4807400,500.68159912109377,496.29104904174807
2026-01-20,490.79998779296875,490.9700012207031,482.7200012207031,485.3900146484375,5521500,500.61399963378904,496.0293992614746
2026-01-21,484.0,488.0,481.57000732421875,483.8299865722656,5730200,500.4275994873047,495.7977493286133
2026-01-22,483.260009765625,485.8800048828125,481.7200012207031,484.489990234375,4054200,500.1361993408203,495.75249923706053
2026-01-23,482.260009765625,483.4200134277344,478.44000244140625,478.9700012207031,5436600,499.7759991455078,495.69544921875
2026-01-26,478.4700012207031,484.8900146484375,477.0799865722656,483.4700012207031,5077200,499.5039990234375,495.6495991516113
2026-01-27,482.6000061035156,483.5,474.6700134277344,474.6700134277344,6314500,498.9493994140625,495.4158993530273
2026-01-28,473.010009765625,476.8800048828125,471.9100036621094,473.489990234375,4563900,498.15699951171877,495.20429931640626
2026-01-29,473.7300109863281,477.32000732421875,473.0799865722656,476.7900085449219,5380500,497.51399963378907,494.967699432373
2026-01-30,476.29998779296875,481.5,476.1300048828125,480.5299987792969,5082200,497.0593994140625,494.7227493286133
2026-02-02,481.29998779296875,488.07000732421875,478.54998779296875,487.2900085449219,5064600,496.71779968261717,494.5183494567871
2026-02-03,483.95001220703125,496.0400085449219,482.20001220703125,493.739990234375,6641200,496.56739929199216,494.4047993469238
2026-02-04,495.79998779296875,512.1300048828125,495.6700134277344,503.8299865722656,10591700,496.62159912109377,494.33289916992186
2026-02-05,505.9100036621094,506.6300048828125,497.6099853515625,503.8900146484375,5033900,496.61859924316406,494.3177491760254
2026-02-06,504.17999267578125,509.6600036621094,502.8900146484375,508.0899963378906,4421600,496.62419921875,494.25424926757813
2026-02-09,507.32000732421875,507.6099853515625,497.2900085449219,498.0799865722656,4573000,496.4143988037109,494.1105992126465
2026-02-10,497.8999938964844,501.3299865722656,497.29998779296875,500.29998779296875,3789100,496.19579833984375,493.95389907836915
2026-02-11,499.3500061035156,503.30999755859375,497.2799987792969,500.0199890136719,3614400,495.9199981689453,493.79919891357423
2026-02-12,501.2099914550781,507.7099914550781,499.8800048828125,500.010009765625,4689900,495.74919860839844,493.6445489501953
2026-02-13,500.1499938964844,502.3800048828125,495.5,497.54998779296875,4685900,495.56719848632815,493.4594488525391
2026-02-17,500.0199890136719,506.0899963378906,499.2099914550781,503.4100036621094,4263300,495.5633984375,493.3102488708496
2026-02-18,504.739990234375,505.2699890136719,497.67999267578125,499.07000732421875,3732500,495.48019836425783,493.15444900512693
2026-02-19,497.8699951171875,500.5,495.67999267578125,496.94000244140625,2610400,495.33219848632814,492.94014907836913
2026-02-20,496.6499938964844,498.3399963378906,491.80999755859375,498.20001220703125,4326700,495.3515985107422,492.87039901733397
2026-02-23,496.5,503.54998779296875,493.7300109863281,494.0899963378906,3556500,495.40479858398436,492.7791989135742
2026-02-24,493.489990234375,495.2200012207031,488.260009765625,494.510009765625,3224300,495.48639892578126,492.66064910888673
2026-02-25,495.6199951171875,497.2300109863281,490.8999938964844,493.989990234375,3475500,495.44919860839843,492.5643490600586
2026-02-26,494.6499938964844,503.7200012207031,494.45001220703125,502.6700134277344,4577000,495.5121990966797,492.5089991760254
2026-02-27,502.94000244140625,506.5199890136719,501.1600036621094,504.95001220703125,6364900,495.48359924316406,492.4622492980957
2026-03-02,495.2300109863281,495.75,477.9100036621094,480.1700134277344,11725300,495.09019958496094,492.3036993408203
2026-03-03,477.0799865722656,483.4800109863281,472.5199890136719,481.3599853515625,6348700,494.63199951171873,492.19349929809573
2026-03-04,481.0,489.17999267578125,479.8800048828125,487.4800109863281,4369100,494.31379943847656,492.094249420166
2026-03-05,493.75,500.8599853515625,492.510009765625,500.3999938964844,8963400,494.4311993408203,492.02469940185546
2026-03-06,499.25,500.70001220703125,491.8800048828125,498.9800109863281,5564400,494.41179931640625,491.95764938354495
2026-03-09,494.8999938964844,498.82000732421875,490.2099914550781,497.20001220703125,5833600,494.34559936523436,491.8999494934082
2026-03-10,495.1300048828125,498.6700134277344,492.30999755859375,494.1400146484375,3598700,494.2015997314453,491.8354995727539
2026-03-11,493.0899963378906,493.79998779296875,489.25,493.57000732421875,3845700,494.1070001220703,491.7854995727539
2026-03-12,492.3500061035156,493.3999938964844,489.0199890136719,491.8900146484375,4170900,493.9238006591797,491.7276496887207
2026-03-13,493.32000732421875,494.45001220703125,489.7699890136719,490.0299987792969,3565700,493.65020080566404,491.63199966430665
2026-03-16,492.7699890136719,496.6300048828125,491.0799865722656,492.2099914550781,3752000,493.44140075683595,491.5774996948242
2026-03-17,494.8399963378906,496.9599914550781,491.4100036621094,492.5799865722656,4424900,493.35600036621094,491.50949966430665
2026-03-18,491.1400146484375,491.3800048828125,483.79998779296875,484.4700012207031,4356400,493.07500061035154,491.41204971313476
2026-03-19,483.8999938964844,484.25,478.80999755859375,481.4800109863281,4045600,492.7236010742188,491.30539978027343
2026-03-20,481.6300048828125,485.1199951171875,479.6600036621094,480.94000244140625,7786400,492.4200012207031,491.22094985961917
2026-03-23,483.5,485.9800109863281,479.0,479.9800109863281,4958000,492.0242016601562,491.1658499145508
2026-03-24,478.0,483.5,477.54998779296875,479.3299865722656,3434400,491.62880126953127,491.11879989624026
2026-03-25,482.6300048828125,483.2300109863281,475.7300109863281,476.19000244140625,4402000,491.1792010498047,491.03209991455077
2026-03-26,476.44000244140625,478.3800048828125,474.5,475.2699890136719,3774600,490.7798010253906,490.9417999267578
2026-03-27,474.19000244140625,474.79998779296875,467.2099914550781,468.489990234375,5382300,490.28660095214843,490.82859985351564
2026-03-30,470.67999267578125,477.69000244140625,470.6499938964844,474.6600036621094,4590900,489.9274011230469,490.76119979858396
2026-03-31,477.7799987792969,479.80999755859375,474.7699890136719,479.20001220703125,4725300,489.6456011962891,490.7054998779297
2026-04-01,478.9800109863281,481.1000061035156,477.25,478.5,3600800,489.5078009033203,490.6602998352051
2026-04-02,477.82000732421875,479.7699890136719,475.67999267578125,477.3500061035156,2972800,489.3782012939453,490.595899810791
2026-04-06,475.6600036621094,479.5,475.3500061035156,476.3800048828125,3663500,489.21600158691405,490.5603997802734
2026-04-07,475.7099914550781,479.75,474.32000732421875,478.0799865722656,3206500,489.1982012939453,490.5250996398926
2026-04-08,483.75,483.75,477.67999267578125,479.75,4655100,489.12380126953127,490.499599609375
2026-04-09,478.2099914550781,487.95001220703125,477.2900085449219,485.20001220703125,3518500,489.3344012451172,490.4867497253418
2026-04-10,484.0199890136719,484.8599853515625,478.9200134277344,479.8999938964844,3758900,489.46260131835936,490.4188496398926
2026-04-13,478.8999938964844,481.1099853515625,477.3999938964844,480.19000244140625,3612400,489.53060119628907,490.38874969482424
2026-04-14,479.80999755859375,480.489990234375,476.0,477.5400085449219,4864000,489.4708013916016,490.351199798584
2026-04-15,478.0,478.7699890136719,473.739990234375,474.0899963378906,6993900,489.20680114746096,490.29324981689456
2026-04-16,474.0199890136719,476.260009765625,464.010009765625,475.1199951171875,4534000,488.8344012451172,490.2399998474121
2026-04-17,475.489990234375,479.69000244140625,474.1499938964844,474.5799865722656,6492900,488.2494012451172,490.16484985351565
2026-04-20,474.3800048828125,476.0400085449219,471.3699951171875,472.0799865722656,5147000,487.61320068359373,490.1228497314453
2026-04-21,472.5400085449219,474.19000244140625,468.05999755859375,468.5,5919000,486.82140075683594,490.0403497314453
2026-04-22,468.8599853515625,470.989990234375,464.6199951171875,465.3999938964844,5720500,486.1678009033203,489.9771997070313
2026-04-23,466.7200012207031,473.0,466.7200012207031,470.54998779296875,4749100,485.5728009033203,489.9425996398926
2026-04-24,468.79998779296875,470.2799987792969,466.5799865722656,469.32000732421875,3857000,484.95880126953125,489.89464965820315
2026-04-27,469.79998779296875,475.5,469.3500061035156,472.80999755859375,4888000,484.4148010253906,489.8673497009277
2026-04-28,476.7900085449219,479.7699890136719,475.6700134277344,478.1600036621094,4902400,484.0270013427734,489.8788497924805
2026-04-29,476.45001220703125,477.9700012207031,474.510009765625,475.3800048828125,3175600,483.4664013671875,489.87419982910154
2026-04-30,473.4599914550781,477.54998779296875,470.8900146484375,473.6000061035156,5109300,482.9570013427734,489.89154983520507
2026-05-01,475.0799865722656,479.1000061035156,473.0,473.010009765625,4818300,482.4784014892578,489.90004989624026
2026-05-04,473.0299987792969,479.8699951171875,465.7900085449219,468.5199890136719,6895400,481.88480102539063,489.87564987182617
2026-05-05,468.5299987792969,469.6600036621094,464.3399963378906,465.5199890136719,5372700,481.31340087890624,489.83424987792966
2026-05-06,466.010009765625,470.6300048828125,465.6400146484375,469.8299865722656,5698900,480.8198004150391,489.8113497924805
2026-05-07,469.260009765625,477.19000244140625,468.9700012207031,475.0799865722656,5899500,480.44160034179686,489.79609970092775
2026-05-08,474.8500061035156,478.8800048828125,474.4800109863281,475.94000244140625,5225600,479.9070001220703,489.7626496887207
2026-05-11,476.3999938964844,480.3999938964844,475.8999938964844,479.54998779296875,4290700,479.39899963378906,489.757399597168
2026-05-12,481.67999267578125,489.4200134277344,478.8999938964844,484.9599914550781,5622300,479.49479919433594,489.76184951782227
2026-05-13,482.4700012207031,487.1400146484375,480.80999755859375,485.5199890136719,4432500,479.57799926757815,489.7809494018555
2026-05-14,487.1000061035156,487.1000061035156,481.5,484.05999755859375,3375100,479.5095989990234,489.81844940185545
2026-05-15,486.70001220703125,488.29998779296875,481.760009765625,482.70001220703125,4680300,479.15559936523437,489.8519494628906
2026-05-18,481.1300048828125,489.3599853515625,481.0,488.3800048828125,5030700,478.94359924316404,489.9344494628906
2026-05-19,487.0,488.1300048828125,480.1099853515625,480.4599914550781,5599900,478.608798828125,489.97254943847656
2026-05-20,482.0,482.7200012207031,477.6199951171875,480.8999938964844,4647500,478.34399841308596,490.08149948120115
2026-05-21,479.989990234375,480.5,475.5,479.9800109863281,3294000,478.07219848632815,490.16044952392576
2026-05-22,479.6499938964844,487.19000244140625,479.489990234375,486.3800048828125,4338200,477.9619982910156,490.2477995300293
2026-05-26,485.5,487.7799987792969,483.2099914550781,483.6199951171875,4348600,477.83379821777345,490.3585494995117
2026-05-27,482.6700134277344,486.25,479.0199890136719,479.9200134277344,4152500,477.58799865722654,490.431149597168
2026-05-28,479.3599853515625,481.80999755859375,477.0,477.4200134277344,4120000,477.28479919433596,490.494599609375
2026-05-29,476.9100036621094,477.2900085449219,472.2699890136719,474.4800109863281,7902300,477.08499938964843,490.51504959106444
2026-06-01,473.04998779296875,473.3900146484375,467.9599914550781,470.2900085449219,6203600,476.8611993408203,490.4799496459961
2026-06-02,470.0,473.8800048828125,468.2099914550781,471.510009765625,4704700,476.6725994873047,490.4413996887207
2026-06-03,470.8900146484375,480.5899963378906,470.4100036621094,475.3699951171875,6586300,476.58039916992186,490.4322496032715
2026-06-04,481.6000061035156,482.94000244140625,474.6499938964844,478.6300048828125,5276000,476.5663995361328,490.4327996826172
2026-06-05,480.989990234375,491.0,479.3500061035156,488.1300048828125,8475800,476.8051995849609,490.4468997192383
2026-06-08,486.1300048828125,490.760009765625,484.9200134277344,487.0,5188400,477.0397998046875,490.43849975585937
2026-06-09,486.44000244140625,490.7900085449219,484.6000061035156,487.7699890136719,4912200,477.42539978027344,490.4343997192383
2026-06-10,488.1300048828125,490.29998779296875,483.1099853515625,483.67999267578125,5062700,477.60579956054687,490.40779968261717
2026-06-11,482.8800048828125,486.4700012207031,481.05999755859375,485.7900085449219,5664300,477.7375994873047,490.4058497619629
2026-06-12,486.6700134277344,489.989990234375,484.510009765625,489.25,4591300,477.95259948730467,490.3910498046875
2026-06-15,487.55999755859375,497.1099853515625,487.55999755859375,495.5199890136719,6253600,478.3159991455078,490.39004974365236
2026-06-16,497.0,499.7900085449219,492.42999267578125,494.95001220703125,4345900,478.68739929199216,490.36549987792966
2026-06-17,493.239990234375,494.7699890136719,487.8999938964844,491.2799987792969,5412000,478.95139953613284,490.3069998168945
2026-06-18,492.75,493.57000732421875,485.7699890136719,489.4599914550781,8882300,479.1455993652344,490.24859970092774
2026-06-22,488.75,492.4800109863281,487.3599853515625,488.69000244140625,6076300,479.21539916992185,490.1845997619629
2026-06-23,490.9200134277344,494.3399963378906,490.0,492.80999755859375,4428100,479.4735992431641,490.1140997314453
2026-06-24,492.989990234375,498.5,491.5,494.80999755859375,4707800,479.7659991455078,490.08929977416994
2026-06-25,493.0799865722656,496.0,486.5,487.80999755859375,7054100,479.9713989257813,490.05944976806643
2026-06-26,490.239990234375,498.6600036621094,489.2799987792969,498.6600036621094,7250800,480.4627990722656,490.08914978027343
2026-06-29,497.7900085449219,500.0199890136719,495.0,496.0,5200700,480.8803991699219,490.1187498474121
2026-06-30,496.5,500.5799865722656,494.7900085449219,500.3900146484375,5910500,481.3965997314453,490.13614990234373
2026-07-01,501.8299865722656,503.8299865722656,499.0799865722656,499.739990234375,4101300,481.9497998046875,490.16614990234376
2026-07-02,502.20001220703125,507.92999267578125,500.3299865722656,507.7799987792969,4386500,482.73539978027344,490.24734985351563
2026-07-06,506.5,508.0,504.1000061035156,506.5799865722656,4126100,483.5589996337891,490.3252998352051
2026-07-07,508.9700012207031,512.5800170898438,503.75,504.0,3761400,484.2279998779297,490.38364990234373
2026-07-08,504.55999755859375,504.9100036621094,494.3399963378906,494.7900085449219,4429600,484.7373999023437,490.40509994506834
2026-07-09,494.6099853515625,497.8500061035156,493.20001220703125,495.45001220703125,3393300,485.1902001953125,490.41809997558596
2026-07-10,496.1499938964844,497.29998779296875,490.70001220703125,493.7099914550781,2736900,485.5011999511719,490.41809997558596
2026-07-13,495.8500061035156,501.5,493.80999755859375,496.8500061035156,3228900,485.93059997558595,490.4318499755859
2026-07-14,493.9599914550781,497.0799865722656,491.0,491.0899963378906,4110200,486.28039978027346,490.40184997558595
2026-07-15,490.1000061035156,492.75,487.57000732421875,488.3500061035156,5134500,486.58719970703123,490.3688000488281
2026-07-16,489.92999267578125,493.1499938964844,486.1700134277344,493.1199951171875,4195000,487.0791998291016,490.3342500305176
2026-07-17,495.510009765625,502.989990234375,490.4800109863281,490.9100036621094,5591300,487.5870001220703,490.2925500488281
2026-07-20,490.489990234375,492.25,488.9100036621094,491.25,3426600,488.015400390625,490.23510009765624
2026-07-21,489.0,491.20001220703125,487.3800048828125,489.6499938964844,4473100,488.3068005371094,490.19235000610354
2026-07-22,490.5,492.32000732421875,487.80999755859375,489.3900146484375,3179300,488.57580078125,490.15970001220705
2026-07-23,488.3999938964844,491.0,486.05999755859375,490.8500061035156,2883000,488.80180114746094,490.1202000427246
2026-07-24,491.42999267578125,497.2900085449219,490.25,494.92999267578125,3933000,489.001201171875,490.09475006103514
2026-07-27,497.25,498.7699890136719,493.9700012207031,497.17999267578125,3482400,489.23440124511717,490.0691500854492
2026-07-28,500.3299865722656,513.4400024414062,499.5,512.3699951171875,6362100,489.80060119628905,490.1318000793457
2026-07-29,511.44000244140625,513.3599853515625,507.20001220703125,509.1600036621094,5057500,490.3298010253906,490.1939001464844
2026-07-30,505.9800109863281,509.9100036621094,501.2699890136719,509.67999267578125,4055100,490.75580078125,490.29665008544924
2026-07-31,508.989990234375,513.030029296875,506.70001220703125,511.5400085449219,3939800,491.37740112304687,490.3947001647949
2026-08-03,514.9299926757812,520.6699829101562,510.8299865722656,513.1400146484375,4249000,492.02220153808594,490.4805502319336
2026-08-04,512.0700073242188,517.77001953125,508.80999755859375,517.219970703125,4771300,492.7670007324219,490.584700012207
2026-08-05,519.0,519.77001953125,512.2000122070312,518.8499755859375,3749400,493.41640014648436,490.7348999023437
2026-08-06,524.1099853515625,525.4400024414062,517.2100219726562,524.6099853515625,4352800,494.2361999511719,490.8958497619629
2026-08-07,520.260009765625,521.989990234375,517.4299926757812,521.7999877929688,3645100,495.07379943847656,491.0344497680664
2026-08-10,524.5999755859375,537.739990234375,523.0,529.4199829101562,6094800,496.113798828125,491.22509963989256
2026-08-11,528.760009765625,530.2999877929688,515.6500244140625,516.3800048828125,4718600,496.95179870605466,491.3479496765137
2026-08-12,513.97998046875,514.3800048828125,507.9599914550781,510.0,4599100,497.7459985351563,491.4471496582031
2026-08-13,511.2900085449219,512.010009765625,505.55999755859375,506.92999267578125,4713400,498.4543981933594,491.52129959106446
2026-08-14,507.239990234375,509.1700134277344,503.7699890136719,504.0299987792969,3969500,499.02759826660156,491.60109954833985
2026-08-17,504.45001220703125,505.30999755859375,498.07000732421875,498.2300109863281,4789800,499.4195983886719,491.68504959106446
